--
-- PostgreSQL database dump
--

-- Dumped from database version 14.18 (Homebrew)
-- Dumped by pg_dump version 14.18 (Homebrew)

SET statement_timeout = 0;
SET lock_timeout = 0;
SET idle_in_transaction_session_timeout = 0;
SET client_encoding = 'UTF8';
SET standard_conforming_strings = on;
SELECT pg_catalog.set_config('search_path', '', false);
SET check_function_bodies = false;
SET xmloption = content;
SET client_min_messages = warning;
SET row_security = off;

--
-- Data for Name: circuits_2024; Type: TABLE DATA; Schema: public; Owner: alexf1
--

INSERT INTO public.circuits_2024 VALUES ('bahrain', 'Bahrain International Circuit', 26.0325, 50.5106, 'Sakhir', 'Bahrain', 'https://en.wikipedia.org/wiki/Bahrain_International_Circuit');
INSERT INTO public.circuits_2024 VALUES ('jeddah', 'Jeddah Corniche Circuit', 21.6319, 39.1044, 'Jeddah', 'Saudi Arabia', 'https://en.wikipedia.org/wiki/Jeddah_Corniche_Circuit');
INSERT INTO public.circuits_2024 VALUES ('albert_park', 'Albert Park Grand Prix Circuit', -37.8497, 144.968, 'Melbourne', 'Australia', 'https://en.wikipedia.org/wiki/Albert_Park_Circuit');
INSERT INTO public.circuits_2024 VALUES ('suzuka', 'Suzuka Circuit', 34.8431, 136.541, 'Suzuka', 'Japan', 'https://en.wikipedia.org/wiki/Suzuka_International_Racing_Course');
INSERT INTO public.circuits_2024 VALUES ('shanghai', 'Shanghai International Circuit', 31.3389, 121.22, 'Shanghai', 'China', 'https://en.wikipedia.org/wiki/Shanghai_International_Circuit');
INSERT INTO public.circuits_2024 VALUES ('miami', 'Miami International Autodrome', 25.9581, -80.2389, 'Miami', 'USA', 'https://en.wikipedia.org/wiki/Miami_International_Autodrome');
INSERT INTO public.circuits_2024 VALUES ('imola', 'Autodromo Enzo e Dino Ferrari', 44.3439, 11.7167, 'Imola', 'Italy', 'https://en.wikipedia.org/wiki/Imola_Circuit');
INSERT INTO public.circuits_2024 VALUES ('monaco', 'Circuit de Monaco', 43.7347, 7.42056, 'Monte-Carlo', 'Monaco', 'https://en.wikipedia.org/wiki/Circuit_de_Monaco');
INSERT INTO public.circuits_2024 VALUES ('villeneuve', 'Circuit Gilles Villeneuve', 45.5, -73.5228, 'Montreal', 'Canada', 'https://en.wikipedia.org/wiki/Circuit_Gilles_Villeneuve');
INSERT INTO public.circuits_2024 VALUES ('catalunya', 'Circuit de Barcelona-Catalunya', 41.57, 2.26111, 'Montmeló', 'Spain', 'https://en.wikipedia.org/wiki/Circuit_de_Barcelona-Catalunya');
INSERT INTO public.circuits_2024 VALUES ('red_bull_ring', 'Red Bull Ring', 47.2197, 14.7647, 'Spielberg', 'Austria', 'https://en.wikipedia.org/wiki/Red_Bull_Ring');
INSERT INTO public.circuits_2024 VALUES ('silverstone', 'Silverstone Circuit', 52.0786, -1.01694, 'Silverstone', 'UK', 'https://en.wikipedia.org/wiki/Silverstone_Circuit');
INSERT INTO public.circuits_2024 VALUES ('hungaroring', 'Hungaroring', 47.5789, 19.2486, 'Budapest', 'Hungary', 'https://en.wikipedia.org/wiki/Hungaroring');
INSERT INTO public.circuits_2024 VALUES ('spa', 'Circuit de Spa-Francorchamps', 50.4372, 5.97139, 'Spa', 'Belgium', 'https://en.wikipedia.org/wiki/Circuit_de_Spa-Francorchamps');
INSERT INTO public.circuits_2024 VALUES ('zandvoort', 'Circuit Park Zandvoort', 52.3888, 4.54092, 'Zandvoort', 'Netherlands', 'https://en.wikipedia.org/wiki/Circuit_Zandvoort');
INSERT INTO public.circuits_2024 VALUES ('monza', 'Autodromo Nazionale di Monza', 45.6156, 9.28111, 'Monza', 'Italy', 'https://en.wikipedia.org/wiki/Monza_Circuit');
INSERT INTO public.circuits_2024 VALUES ('baku', 'Baku City Circuit', 40.3725, 49.8533, 'Baku', 'Azerbaijan', 'https://en.wikipedia.org/wiki/Baku_City_Circuit');
INSERT INTO public.circuits_2024 VALUES ('marina_bay', 'Marina Bay Street Circuit', 1.2914, 103.864, 'Marina Bay', 'Singapore', 'https://en.wikipedia.org/wiki/Marina_Bay_Street_Circuit');
INSERT INTO public.circuits_2024 VALUES ('americas', 'Circuit of the Americas', 30.1328, -97.6411, 'Austin', 'USA', 'https://en.wikipedia.org/wiki/Circuit_of_the_Americas');
INSERT INTO public.circuits_2024 VALUES ('rodriguez', 'Autódromo Hermanos Rodríguez', 19.4042, -99.0907, 'Mexico City', 'Mexico', 'https://en.wikipedia.org/wiki/Aut%C3%B3dromo_Hermanos_Rodr%C3%ADguez');
INSERT INTO public.circuits_2024 VALUES ('interlagos', 'Autódromo José Carlos Pace', -23.7036, -46.6997, 'São Paulo', 'Brazil', 'https://en.wikipedia.org/wiki/Interlagos_Circuit');
INSERT INTO public.circuits_2024 VALUES ('vegas', 'Las Vegas Strip Street Circuit', 36.1147, -115.173, 'Las Vegas', 'USA', 'https://en.wikipedia.org/wiki/Las_Vegas_Grand_Prix#Circuit');
INSERT INTO public.circuits_2024 VALUES ('losail', 'Losail International Circuit', 25.49, 51.4542, 'Al Daayen', 'Qatar', 'https://en.wikipedia.org/wiki/Lusail_International_Circuit');
INSERT INTO public.circuits_2024 VALUES ('yas_marina', 'Yas Marina Circuit', 24.4672, 54.6031, 'Abu Dhabi', 'UAE', 'https://en.wikipedia.org/wiki/Yas_Marina_Circuit');


--
-- Data for Name: constructors_2024; Type: TABLE DATA; Schema: public; Owner: alexf1
--

INSERT INTO public.constructors_2024 VALUES ('alpine', 'Alpine F1 Team', 'French', 'http://en.wikipedia.org/wiki/Alpine_F1_Team');
INSERT INTO public.constructors_2024 VALUES ('aston_martin', 'Aston Martin', 'British', 'http://en.wikipedia.org/wiki/Aston_Martin_in_Formula_One');
INSERT INTO public.constructors_2024 VALUES ('ferrari', 'Ferrari', 'Italian', 'http://en.wikipedia.org/wiki/Scuderia_Ferrari');
INSERT INTO public.constructors_2024 VALUES ('haas', 'Haas F1 Team', 'American', 'http://en.wikipedia.org/wiki/Haas_F1_Team');
INSERT INTO public.constructors_2024 VALUES ('mclaren', 'McLaren', 'British', 'http://en.wikipedia.org/wiki/McLaren');
INSERT INTO public.constructors_2024 VALUES ('mercedes', 'Mercedes', 'German', 'http://en.wikipedia.org/wiki/Mercedes-Benz_in_Formula_One');
INSERT INTO public.constructors_2024 VALUES ('rb', 'RB F1 Team', 'Italian', 'http://en.wikipedia.org/wiki/RB_Formula_One_Team');
INSERT INTO public.constructors_2024 VALUES ('red_bull', 'Red Bull', 'Austrian', 'http://en.wikipedia.org/wiki/Red_Bull_Racing');
INSERT INTO public.constructors_2024 VALUES ('sauber', 'Sauber', 'Swiss', 'http://en.wikipedia.org/wiki/Sauber_Motorsport');
INSERT INTO public.constructors_2024 VALUES ('williams', 'Williams', 'British', 'http://en.wikipedia.org/wiki/Williams_Grand_Prix_Engineering');


--
-- Data for Name: races_2024; Type: TABLE DATA; Schema: public; Owner: alexf1
--

INSERT INTO public.races_2024 VALUES (1, 2024, 1, 'bahrain', 'Bahrain Grand Prix', '2024-03-02', '15:00:00', 'https://en.wikipedia.org/wiki/2024_Bahrain_Grand_Prix');
INSERT INTO public.races_2024 VALUES (2, 2024, 2, 'jeddah', 'Saudi Arabian Grand Prix', '2024-03-09', '17:00:00', 'https://en.wikipedia.org/wiki/2024_Saudi_Arabian_Grand_Prix');
INSERT INTO public.races_2024 VALUES (3, 2024, 3, 'albert_park', 'Australian Grand Prix', '2024-03-24', '04:00:00', 'https://en.wikipedia.org/wiki/2024_Australian_Grand_Prix');
INSERT INTO public.races_2024 VALUES (4, 2024, 4, 'suzuka', 'Japanese Grand Prix', '2024-04-07', '05:00:00', 'https://en.wikipedia.org/wiki/2024_Japanese_Grand_Prix');
INSERT INTO public.races_2024 VALUES (5, 2024, 5, 'shanghai', 'Chinese Grand Prix', '2024-04-21', '07:00:00', 'https://en.wikipedia.org/wiki/2024_Chinese_Grand_Prix');
INSERT INTO public.races_2024 VALUES (6, 2024, 6, 'miami', 'Miami Grand Prix', '2024-05-05', '20:00:00', 'https://en.wikipedia.org/wiki/2024_Miami_Grand_Prix');
INSERT INTO public.races_2024 VALUES (7, 2024, 7, 'imola', 'Emilia Romagna Grand Prix', '2024-05-19', '13:00:00', 'https://en.wikipedia.org/wiki/2024_Emilia_Romagna_Grand_Prix');
INSERT INTO public.races_2024 VALUES (8, 2024, 8, 'monaco', 'Monaco Grand Prix', '2024-05-26', '13:00:00', 'https://en.wikipedia.org/wiki/2024_Monaco_Grand_Prix');
INSERT INTO public.races_2024 VALUES (9, 2024, 9, 'villeneuve', 'Canadian Grand Prix', '2024-06-09', '18:00:00', 'https://en.wikipedia.org/wiki/2024_Canadian_Grand_Prix');
INSERT INTO public.races_2024 VALUES (10, 2024, 10, 'catalunya', 'Spanish Grand Prix', '2024-06-23', '13:00:00', 'https://en.wikipedia.org/wiki/2024_Spanish_Grand_Prix');
INSERT INTO public.races_2024 VALUES (11, 2024, 11, 'red_bull_ring', 'Austrian Grand Prix', '2024-06-30', '13:00:00', 'https://en.wikipedia.org/wiki/2024_Austrian_Grand_Prix');
INSERT INTO public.races_2024 VALUES (12, 2024, 12, 'silverstone', 'British Grand Prix', '2024-07-07', '14:00:00', 'https://en.wikipedia.org/wiki/2024_British_Grand_Prix');
INSERT INTO public.races_2024 VALUES (13, 2024, 13, 'hungaroring', 'Hungarian Grand Prix', '2024-07-21', '13:00:00', 'https://en.wikipedia.org/wiki/2024_Hungarian_Grand_Prix');
INSERT INTO public.races_2024 VALUES (14, 2024, 14, 'spa', 'Belgian Grand Prix', '2024-07-28', '13:00:00', 'https://en.wikipedia.org/wiki/2024_Belgian_Grand_Prix');
INSERT INTO public.races_2024 VALUES (15, 2024, 15, 'zandvoort', 'Dutch Grand Prix', '2024-08-25', '13:00:00', 'https://en.wikipedia.org/wiki/2024_Dutch_Grand_Prix');
INSERT INTO public.races_2024 VALUES (16, 2024, 16, 'monza', 'Italian Grand Prix', '2024-09-01', '13:00:00', 'https://en.wikipedia.org/wiki/2024_Italian_Grand_Prix');
INSERT INTO public.races_2024 VALUES (17, 2024, 17, 'baku', 'Azerbaijan Grand Prix', '2024-09-15', '11:00:00', 'https://en.wikipedia.org/wiki/2024_Azerbaijan_Grand_Prix');
INSERT INTO public.races_2024 VALUES (18, 2024, 18, 'marina_bay', 'Singapore Grand Prix', '2024-09-22', '12:00:00', 'https://en.wikipedia.org/wiki/2024_Singapore_Grand_Prix');
INSERT INTO public.races_2024 VALUES (19, 2024, 19, 'americas', 'United States Grand Prix', '2024-10-20', '19:00:00', 'https://en.wikipedia.org/wiki/2024_United_States_Grand_Prix');
INSERT INTO public.races_2024 VALUES (20, 2024, 20, 'rodriguez', 'Mexico City Grand Prix', '2024-10-27', '20:00:00', 'https://en.wikipedia.org/wiki/2024_Mexico_City_Grand_Prix');
INSERT INTO public.races_2024 VALUES (21, 2024, 21, 'interlagos', 'São Paulo Grand Prix', '2024-11-03', '17:00:00', 'https://en.wikipedia.org/wiki/2024_S%C3%A3o_Paulo_Grand_Prix');
INSERT INTO public.races_2024 VALUES (22, 2024, 22, 'vegas', 'Las Vegas Grand Prix', '2024-11-23', '06:00:00', 'https://en.wikipedia.org/wiki/2024_Las_Vegas_Grand_Prix');
INSERT INTO public.races_2024 VALUES (23, 2024, 23, 'losail', 'Qatar Grand Prix', '2024-12-01', '16:00:00', 'https://en.wikipedia.org/wiki/2024_Qatar_Grand_Prix');
INSERT INTO public.races_2024 VALUES (24, 2024, 24, 'yas_marina', 'Abu Dhabi Grand Prix', '2024-12-08', '13:00:00', 'https://en.wikipedia.org/wiki/2024_Abu_Dhabi_Grand_Prix');


--
-- Data for Name: constructor_standings_2024; Type: TABLE DATA; Schema: public; Owner: alexf1
--

INSERT INTO public.constructor_standings_2024 VALUES (1, 1, 'red_bull', 1, '1', 44, 1);
INSERT INTO public.constructor_standings_2024 VALUES (2, 1, 'ferrari', 2, '2', 27, 0);
INSERT INTO public.constructor_standings_2024 VALUES (3, 1, 'mercedes', 3, '3', 16, 0);
INSERT INTO public.constructor_standings_2024 VALUES (4, 1, 'mclaren', 4, '4', 12, 0);
INSERT INTO public.constructor_standings_2024 VALUES (5, 1, 'aston_martin', 5, '5', 3, 0);
INSERT INTO public.constructor_standings_2024 VALUES (6, 1, 'sauber', 6, '6', 0, 0);
INSERT INTO public.constructor_standings_2024 VALUES (7, 1, 'haas', 7, '7', 0, 0);
INSERT INTO public.constructor_standings_2024 VALUES (8, 1, 'rb', 8, '8', 0, 0);
INSERT INTO public.constructor_standings_2024 VALUES (9, 1, 'williams', 9, '9', 0, 0);
INSERT INTO public.constructor_standings_2024 VALUES (10, 1, 'alpine', 10, '10', 0, 0);
INSERT INTO public.constructor_standings_2024 VALUES (11, 2, 'red_bull', 1, '1', 87, 2);
INSERT INTO public.constructor_standings_2024 VALUES (12, 2, 'ferrari', 2, '2', 49, 0);
INSERT INTO public.constructor_standings_2024 VALUES (13, 2, 'mclaren', 3, '3', 28, 0);
INSERT INTO public.constructor_standings_2024 VALUES (14, 2, 'mercedes', 4, '4', 26, 0);
INSERT INTO public.constructor_standings_2024 VALUES (15, 2, 'aston_martin', 5, '5', 13, 0);
INSERT INTO public.constructor_standings_2024 VALUES (16, 2, 'haas', 6, '6', 1, 0);
INSERT INTO public.constructor_standings_2024 VALUES (17, 2, 'williams', 7, '7', 0, 0);
INSERT INTO public.constructor_standings_2024 VALUES (18, 2, 'sauber', 8, '8', 0, 0);
INSERT INTO public.constructor_standings_2024 VALUES (19, 2, 'rb', 9, '9', 0, 0);
INSERT INTO public.constructor_standings_2024 VALUES (20, 2, 'alpine', 10, '10', 0, 0);
INSERT INTO public.constructor_standings_2024 VALUES (21, 3, 'red_bull', 1, '1', 97, 2);
INSERT INTO public.constructor_standings_2024 VALUES (22, 3, 'ferrari', 2, '2', 93, 1);
INSERT INTO public.constructor_standings_2024 VALUES (23, 3, 'mclaren', 3, '3', 55, 0);
INSERT INTO public.constructor_standings_2024 VALUES (24, 3, 'mercedes', 4, '4', 26, 0);
INSERT INTO public.constructor_standings_2024 VALUES (25, 3, 'aston_martin', 5, '5', 25, 0);
INSERT INTO public.constructor_standings_2024 VALUES (26, 3, 'rb', 6, '6', 6, 0);
INSERT INTO public.constructor_standings_2024 VALUES (27, 3, 'haas', 7, '7', 4, 0);
INSERT INTO public.constructor_standings_2024 VALUES (28, 3, 'williams', 8, '8', 0, 0);
INSERT INTO public.constructor_standings_2024 VALUES (29, 3, 'sauber', 9, '9', 0, 0);
INSERT INTO public.constructor_standings_2024 VALUES (30, 3, 'alpine', 10, '10', 0, 0);
INSERT INTO public.constructor_standings_2024 VALUES (31, 4, 'red_bull', 1, '1', 141, 3);
INSERT INTO public.constructor_standings_2024 VALUES (32, 4, 'ferrari', 2, '2', 120, 1);
INSERT INTO public.constructor_standings_2024 VALUES (33, 4, 'mclaren', 3, '3', 69, 0);
INSERT INTO public.constructor_standings_2024 VALUES (34, 4, 'mercedes', 4, '4', 34, 0);
INSERT INTO public.constructor_standings_2024 VALUES (35, 4, 'aston_martin', 5, '5', 33, 0);
INSERT INTO public.constructor_standings_2024 VALUES (36, 4, 'rb', 6, '6', 7, 0);
INSERT INTO public.constructor_standings_2024 VALUES (37, 4, 'haas', 7, '7', 4, 0);
INSERT INTO public.constructor_standings_2024 VALUES (38, 4, 'williams', 8, '8', 0, 0);
INSERT INTO public.constructor_standings_2024 VALUES (39, 4, 'sauber', 9, '9', 0, 0);
INSERT INTO public.constructor_standings_2024 VALUES (40, 4, 'alpine', 10, '10', 0, 0);
INSERT INTO public.constructor_standings_2024 VALUES (41, 5, 'red_bull', 1, '1', 195, 4);
INSERT INTO public.constructor_standings_2024 VALUES (42, 5, 'ferrari', 2, '2', 151, 1);
INSERT INTO public.constructor_standings_2024 VALUES (43, 5, 'mclaren', 3, '3', 96, 0);
INSERT INTO public.constructor_standings_2024 VALUES (44, 5, 'mercedes', 4, '4', 52, 0);
INSERT INTO public.constructor_standings_2024 VALUES (45, 5, 'aston_martin', 5, '5', 40, 0);
INSERT INTO public.constructor_standings_2024 VALUES (46, 5, 'rb', 6, '6', 7, 0);
INSERT INTO public.constructor_standings_2024 VALUES (47, 5, 'haas', 7, '7', 5, 0);
INSERT INTO public.constructor_standings_2024 VALUES (48, 5, 'williams', 8, '8', 0, 0);
INSERT INTO public.constructor_standings_2024 VALUES (49, 5, 'alpine', 9, '9', 0, 0);
INSERT INTO public.constructor_standings_2024 VALUES (50, 5, 'sauber', 10, '10', 0, 0);
INSERT INTO public.constructor_standings_2024 VALUES (51, 6, 'red_bull', 1, '1', 239, 4);
INSERT INTO public.constructor_standings_2024 VALUES (52, 6, 'ferrari', 2, '2', 187, 1);
INSERT INTO public.constructor_standings_2024 VALUES (53, 6, 'mclaren', 3, '3', 124, 1);
INSERT INTO public.constructor_standings_2024 VALUES (54, 6, 'mercedes', 4, '4', 64, 0);
INSERT INTO public.constructor_standings_2024 VALUES (55, 6, 'aston_martin', 5, '5', 42, 0);
INSERT INTO public.constructor_standings_2024 VALUES (56, 6, 'rb', 6, '6', 19, 0);
INSERT INTO public.constructor_standings_2024 VALUES (57, 6, 'haas', 7, '7', 7, 0);
INSERT INTO public.constructor_standings_2024 VALUES (58, 6, 'alpine', 8, '8', 1, 0);
INSERT INTO public.constructor_standings_2024 VALUES (59, 6, 'williams', 9, '9', 0, 0);
INSERT INTO public.constructor_standings_2024 VALUES (60, 6, 'sauber', 10, '10', 0, 0);
INSERT INTO public.constructor_standings_2024 VALUES (61, 7, 'red_bull', 1, '1', 268, 5);
INSERT INTO public.constructor_standings_2024 VALUES (62, 7, 'ferrari', 2, '2', 212, 1);
INSERT INTO public.constructor_standings_2024 VALUES (63, 7, 'mclaren', 3, '3', 154, 1);
INSERT INTO public.constructor_standings_2024 VALUES (64, 7, 'mercedes', 4, '4', 79, 0);
INSERT INTO public.constructor_standings_2024 VALUES (65, 7, 'aston_martin', 5, '5', 44, 0);
INSERT INTO public.constructor_standings_2024 VALUES (66, 7, 'rb', 6, '6', 20, 0);
INSERT INTO public.constructor_standings_2024 VALUES (67, 7, 'haas', 7, '7', 7, 0);
INSERT INTO public.constructor_standings_2024 VALUES (68, 7, 'alpine', 8, '8', 1, 0);
INSERT INTO public.constructor_standings_2024 VALUES (69, 7, 'williams', 9, '9', 0, 0);
INSERT INTO public.constructor_standings_2024 VALUES (70, 7, 'sauber', 10, '10', 0, 0);
INSERT INTO public.constructor_standings_2024 VALUES (71, 8, 'red_bull', 1, '1', 276, 5);
INSERT INTO public.constructor_standings_2024 VALUES (72, 8, 'ferrari', 2, '2', 252, 2);
INSERT INTO public.constructor_standings_2024 VALUES (73, 8, 'mclaren', 3, '3', 184, 1);
INSERT INTO public.constructor_standings_2024 VALUES (74, 8, 'mercedes', 4, '4', 96, 0);
INSERT INTO public.constructor_standings_2024 VALUES (75, 8, 'aston_martin', 5, '5', 44, 0);
INSERT INTO public.constructor_standings_2024 VALUES (76, 8, 'rb', 6, '6', 24, 0);
INSERT INTO public.constructor_standings_2024 VALUES (77, 8, 'haas', 7, '7', 7, 0);
INSERT INTO public.constructor_standings_2024 VALUES (78, 8, 'williams', 8, '8', 2, 0);
INSERT INTO public.constructor_standings_2024 VALUES (79, 8, 'alpine', 9, '9', 2, 0);
INSERT INTO public.constructor_standings_2024 VALUES (80, 8, 'sauber', 10, '10', 0, 0);
INSERT INTO public.constructor_standings_2024 VALUES (81, 9, 'red_bull', 1, '1', 301, 6);
INSERT INTO public.constructor_standings_2024 VALUES (82, 9, 'ferrari', 2, '2', 252, 2);
INSERT INTO public.constructor_standings_2024 VALUES (83, 9, 'mclaren', 3, '3', 212, 1);
INSERT INTO public.constructor_standings_2024 VALUES (84, 9, 'mercedes', 4, '4', 124, 0);
INSERT INTO public.constructor_standings_2024 VALUES (85, 9, 'aston_martin', 5, '5', 58, 0);
INSERT INTO public.constructor_standings_2024 VALUES (86, 9, 'rb', 6, '6', 28, 0);
INSERT INTO public.constructor_standings_2024 VALUES (87, 9, 'haas', 7, '7', 7, 0);
INSERT INTO public.constructor_standings_2024 VALUES (88, 9, 'alpine', 8, '8', 5, 0);
INSERT INTO public.constructor_standings_2024 VALUES (89, 9, 'williams', 9, '9', 2, 0);
INSERT INTO public.constructor_standings_2024 VALUES (90, 9, 'sauber', 10, '10', 0, 0);
INSERT INTO public.constructor_standings_2024 VALUES (91, 10, 'red_bull', 1, '1', 330, 7);
INSERT INTO public.constructor_standings_2024 VALUES (92, 10, 'ferrari', 2, '2', 270, 2);
INSERT INTO public.constructor_standings_2024 VALUES (93, 10, 'mclaren', 3, '3', 237, 1);
INSERT INTO public.constructor_standings_2024 VALUES (94, 10, 'mercedes', 4, '4', 151, 0);
INSERT INTO public.constructor_standings_2024 VALUES (95, 10, 'aston_martin', 5, '5', 58, 0);
INSERT INTO public.constructor_standings_2024 VALUES (96, 10, 'rb', 6, '6', 28, 0);
INSERT INTO public.constructor_standings_2024 VALUES (97, 10, 'alpine', 7, '7', 8, 0);
INSERT INTO public.constructor_standings_2024 VALUES (98, 10, 'haas', 8, '8', 7, 0);
INSERT INTO public.constructor_standings_2024 VALUES (99, 10, 'williams', 9, '9', 2, 0);
INSERT INTO public.constructor_standings_2024 VALUES (100, 10, 'sauber', 10, '10', 0, 0);
INSERT INTO public.constructor_standings_2024 VALUES (101, 11, 'red_bull', 1, '1', 355, 7);
INSERT INTO public.constructor_standings_2024 VALUES (102, 11, 'ferrari', 2, '2', 291, 2);
INSERT INTO public.constructor_standings_2024 VALUES (103, 11, 'mclaren', 3, '3', 268, 1);
INSERT INTO public.constructor_standings_2024 VALUES (104, 11, 'mercedes', 4, '4', 196, 1);
INSERT INTO public.constructor_standings_2024 VALUES (105, 11, 'aston_martin', 5, '5', 58, 0);
INSERT INTO public.constructor_standings_2024 VALUES (106, 11, 'rb', 6, '6', 30, 0);
INSERT INTO public.constructor_standings_2024 VALUES (107, 11, 'haas', 7, '7', 19, 0);
INSERT INTO public.constructor_standings_2024 VALUES (108, 11, 'alpine', 8, '8', 9, 0);
INSERT INTO public.constructor_standings_2024 VALUES (109, 11, 'williams', 9, '9', 2, 0);
INSERT INTO public.constructor_standings_2024 VALUES (110, 11, 'sauber', 10, '10', 0, 0);
INSERT INTO public.constructor_standings_2024 VALUES (111, 12, 'red_bull', 1, '1', 373, 7);
INSERT INTO public.constructor_standings_2024 VALUES (112, 12, 'ferrari', 2, '2', 302, 2);
INSERT INTO public.constructor_standings_2024 VALUES (113, 12, 'mclaren', 3, '3', 295, 1);
INSERT INTO public.constructor_standings_2024 VALUES (114, 12, 'mercedes', 4, '4', 221, 2);
INSERT INTO public.constructor_standings_2024 VALUES (115, 12, 'aston_martin', 5, '5', 68, 0);
INSERT INTO public.constructor_standings_2024 VALUES (116, 12, 'rb', 6, '6', 31, 0);
INSERT INTO public.constructor_standings_2024 VALUES (117, 12, 'haas', 7, '7', 27, 0);
INSERT INTO public.constructor_standings_2024 VALUES (118, 12, 'alpine', 8, '8', 9, 0);
INSERT INTO public.constructor_standings_2024 VALUES (119, 12, 'williams', 9, '9', 4, 0);
INSERT INTO public.constructor_standings_2024 VALUES (120, 12, 'sauber', 10, '10', 0, 0);
INSERT INTO public.constructor_standings_2024 VALUES (121, 13, 'red_bull', 1, '1', 389, 7);
INSERT INTO public.constructor_standings_2024 VALUES (122, 13, 'mclaren', 2, '2', 338, 2);
INSERT INTO public.constructor_standings_2024 VALUES (123, 13, 'ferrari', 3, '3', 322, 2);
INSERT INTO public.constructor_standings_2024 VALUES (124, 13, 'mercedes', 4, '4', 241, 2);
INSERT INTO public.constructor_standings_2024 VALUES (125, 13, 'aston_martin', 5, '5', 69, 0);
INSERT INTO public.constructor_standings_2024 VALUES (126, 13, 'rb', 6, '6', 33, 0);
INSERT INTO public.constructor_standings_2024 VALUES (127, 13, 'haas', 7, '7', 27, 0);
INSERT INTO public.constructor_standings_2024 VALUES (128, 13, 'alpine', 8, '8', 9, 0);
INSERT INTO public.constructor_standings_2024 VALUES (129, 13, 'williams', 9, '9', 4, 0);
INSERT INTO public.constructor_standings_2024 VALUES (130, 13, 'sauber', 10, '10', 0, 0);
INSERT INTO public.constructor_standings_2024 VALUES (131, 14, 'red_bull', 1, '1', 408, 7);
INSERT INTO public.constructor_standings_2024 VALUES (132, 14, 'mclaren', 2, '2', 366, 2);
INSERT INTO public.constructor_standings_2024 VALUES (133, 14, 'ferrari', 3, '3', 345, 2);
INSERT INTO public.constructor_standings_2024 VALUES (134, 14, 'mercedes', 4, '4', 266, 3);
INSERT INTO public.constructor_standings_2024 VALUES (135, 14, 'aston_martin', 5, '5', 73, 0);
INSERT INTO public.constructor_standings_2024 VALUES (136, 14, 'rb', 6, '6', 34, 0);
INSERT INTO public.constructor_standings_2024 VALUES (137, 14, 'haas', 7, '7', 27, 0);
INSERT INTO public.constructor_standings_2024 VALUES (138, 14, 'alpine', 8, '8', 11, 0);
INSERT INTO public.constructor_standings_2024 VALUES (139, 14, 'williams', 9, '9', 4, 0);
INSERT INTO public.constructor_standings_2024 VALUES (140, 14, 'sauber', 10, '10', 0, 0);
INSERT INTO public.constructor_standings_2024 VALUES (141, 15, 'red_bull', 1, '1', 434, 7);
INSERT INTO public.constructor_standings_2024 VALUES (142, 15, 'mclaren', 2, '2', 404, 3);
INSERT INTO public.constructor_standings_2024 VALUES (143, 15, 'ferrari', 3, '3', 370, 2);
INSERT INTO public.constructor_standings_2024 VALUES (144, 15, 'mercedes', 4, '4', 276, 3);
INSERT INTO public.constructor_standings_2024 VALUES (145, 15, 'aston_martin', 5, '5', 74, 0);
INSERT INTO public.constructor_standings_2024 VALUES (146, 15, 'rb', 6, '6', 34, 0);
INSERT INTO public.constructor_standings_2024 VALUES (147, 15, 'haas', 7, '7', 27, 0);
INSERT INTO public.constructor_standings_2024 VALUES (148, 15, 'alpine', 8, '8', 13, 0);
INSERT INTO public.constructor_standings_2024 VALUES (149, 15, 'williams', 9, '9', 4, 0);
INSERT INTO public.constructor_standings_2024 VALUES (150, 15, 'sauber', 10, '10', 0, 0);
INSERT INTO public.constructor_standings_2024 VALUES (151, 16, 'red_bull', 1, '1', 446, 7);
INSERT INTO public.constructor_standings_2024 VALUES (152, 16, 'mclaren', 2, '2', 438, 3);
INSERT INTO public.constructor_standings_2024 VALUES (153, 16, 'ferrari', 3, '3', 407, 3);
INSERT INTO public.constructor_standings_2024 VALUES (154, 16, 'mercedes', 4, '4', 292, 3);
INSERT INTO public.constructor_standings_2024 VALUES (155, 16, 'aston_martin', 5, '5', 74, 0);
INSERT INTO public.constructor_standings_2024 VALUES (156, 16, 'rb', 6, '6', 34, 0);
INSERT INTO public.constructor_standings_2024 VALUES (157, 16, 'haas', 7, '7', 28, 0);
INSERT INTO public.constructor_standings_2024 VALUES (158, 16, 'alpine', 8, '8', 13, 0);
INSERT INTO public.constructor_standings_2024 VALUES (159, 16, 'williams', 9, '9', 6, 0);
INSERT INTO public.constructor_standings_2024 VALUES (160, 16, 'sauber', 10, '10', 0, 0);
INSERT INTO public.constructor_standings_2024 VALUES (161, 17, 'mclaren', 1, '1', 476, 4);
INSERT INTO public.constructor_standings_2024 VALUES (162, 17, 'red_bull', 2, '2', 456, 7);
INSERT INTO public.constructor_standings_2024 VALUES (163, 17, 'ferrari', 3, '3', 425, 3);
INSERT INTO public.constructor_standings_2024 VALUES (164, 17, 'mercedes', 4, '4', 309, 3);
INSERT INTO public.constructor_standings_2024 VALUES (165, 17, 'aston_martin', 5, '5', 82, 0);
INSERT INTO public.constructor_standings_2024 VALUES (166, 17, 'rb', 6, '6', 34, 0);
INSERT INTO public.constructor_standings_2024 VALUES (167, 17, 'haas', 7, '7', 29, 0);
INSERT INTO public.constructor_standings_2024 VALUES (168, 17, 'williams', 8, '8', 16, 0);
INSERT INTO public.constructor_standings_2024 VALUES (169, 17, 'alpine', 9, '9', 13, 0);
INSERT INTO public.constructor_standings_2024 VALUES (170, 17, 'sauber', 10, '10', 0, 0);
INSERT INTO public.constructor_standings_2024 VALUES (171, 18, 'mclaren', 1, '1', 516, 5);
INSERT INTO public.constructor_standings_2024 VALUES (172, 18, 'red_bull', 2, '2', 475, 7);
INSERT INTO public.constructor_standings_2024 VALUES (173, 18, 'ferrari', 3, '3', 441, 3);
INSERT INTO public.constructor_standings_2024 VALUES (174, 18, 'mercedes', 4, '4', 329, 3);
INSERT INTO public.constructor_standings_2024 VALUES (175, 18, 'aston_martin', 5, '5', 86, 0);
INSERT INTO public.constructor_standings_2024 VALUES (176, 18, 'rb', 6, '6', 34, 0);
INSERT INTO public.constructor_standings_2024 VALUES (177, 18, 'haas', 7, '7', 31, 0);
INSERT INTO public.constructor_standings_2024 VALUES (178, 18, 'williams', 8, '8', 16, 0);
INSERT INTO public.constructor_standings_2024 VALUES (179, 18, 'alpine', 9, '9', 13, 0);
INSERT INTO public.constructor_standings_2024 VALUES (180, 18, 'sauber', 10, '10', 0, 0);
INSERT INTO public.constructor_standings_2024 VALUES (181, 19, 'mclaren', 1, '1', 544, 5);
INSERT INTO public.constructor_standings_2024 VALUES (182, 19, 'red_bull', 2, '2', 504, 7);
INSERT INTO public.constructor_standings_2024 VALUES (183, 19, 'ferrari', 3, '3', 496, 4);
INSERT INTO public.constructor_standings_2024 VALUES (184, 19, 'mercedes', 4, '4', 344, 3);
INSERT INTO public.constructor_standings_2024 VALUES (185, 19, 'aston_martin', 5, '5', 86, 0);
INSERT INTO public.constructor_standings_2024 VALUES (186, 19, 'haas', 6, '6', 38, 0);
INSERT INTO public.constructor_standings_2024 VALUES (187, 19, 'rb', 7, '7', 36, 0);
INSERT INTO public.constructor_standings_2024 VALUES (188, 19, 'williams', 8, '8', 17, 0);
INSERT INTO public.constructor_standings_2024 VALUES (189, 19, 'alpine', 9, '9', 13, 0);
INSERT INTO public.constructor_standings_2024 VALUES (190, 19, 'sauber', 10, '10', 0, 0);
INSERT INTO public.constructor_standings_2024 VALUES (191, 20, 'mclaren', 1, '1', 566, 5);
INSERT INTO public.constructor_standings_2024 VALUES (192, 20, 'ferrari', 2, '2', 537, 5);
INSERT INTO public.constructor_standings_2024 VALUES (193, 20, 'red_bull', 3, '3', 512, 7);
INSERT INTO public.constructor_standings_2024 VALUES (194, 20, 'mercedes', 4, '4', 366, 3);
INSERT INTO public.constructor_standings_2024 VALUES (195, 20, 'aston_martin', 5, '5', 86, 0);
INSERT INTO public.constructor_standings_2024 VALUES (196, 20, 'haas', 6, '6', 46, 0);
INSERT INTO public.constructor_standings_2024 VALUES (197, 20, 'rb', 7, '7', 36, 0);
INSERT INTO public.constructor_standings_2024 VALUES (198, 20, 'williams', 8, '8', 17, 0);
INSERT INTO public.constructor_standings_2024 VALUES (199, 20, 'alpine', 9, '9', 14, 0);
INSERT INTO public.constructor_standings_2024 VALUES (200, 20, 'sauber', 10, '10', 0, 0);
INSERT INTO public.constructor_standings_2024 VALUES (201, 21, 'mclaren', 1, '1', 593, 5);
INSERT INTO public.constructor_standings_2024 VALUES (202, 21, 'ferrari', 2, '2', 557, 5);
INSERT INTO public.constructor_standings_2024 VALUES (203, 21, 'red_bull', 3, '3', 544, 8);
INSERT INTO public.constructor_standings_2024 VALUES (204, 21, 'mercedes', 4, '4', 382, 3);
INSERT INTO public.constructor_standings_2024 VALUES (205, 21, 'aston_martin', 5, '5', 86, 0);
INSERT INTO public.constructor_standings_2024 VALUES (206, 21, 'alpine', 6, '6', 49, 0);
INSERT INTO public.constructor_standings_2024 VALUES (207, 21, 'haas', 7, '7', 46, 0);
INSERT INTO public.constructor_standings_2024 VALUES (208, 21, 'rb', 8, '8', 44, 0);
INSERT INTO public.constructor_standings_2024 VALUES (209, 21, 'williams', 9, '9', 17, 0);
INSERT INTO public.constructor_standings_2024 VALUES (210, 21, 'sauber', 10, '10', 0, 0);
INSERT INTO public.constructor_standings_2024 VALUES (211, 22, 'mclaren', 1, '1', 608, 5);
INSERT INTO public.constructor_standings_2024 VALUES (212, 22, 'ferrari', 2, '2', 584, 5);
INSERT INTO public.constructor_standings_2024 VALUES (213, 22, 'red_bull', 3, '3', 555, 8);
INSERT INTO public.constructor_standings_2024 VALUES (214, 22, 'mercedes', 4, '4', 425, 4);
INSERT INTO public.constructor_standings_2024 VALUES (215, 22, 'aston_martin', 5, '5', 86, 0);
INSERT INTO public.constructor_standings_2024 VALUES (216, 22, 'haas', 6, '6', 50, 0);
INSERT INTO public.constructor_standings_2024 VALUES (217, 22, 'alpine', 7, '7', 49, 0);
INSERT INTO public.constructor_standings_2024 VALUES (218, 22, 'rb', 8, '8', 46, 0);
INSERT INTO public.constructor_standings_2024 VALUES (219, 22, 'williams', 9, '9', 17, 0);
INSERT INTO public.constructor_standings_2024 VALUES (220, 22, 'sauber', 10, '10', 0, 0);
INSERT INTO public.constructor_standings_2024 VALUES (221, 23, 'mclaren', 1, '1', 640, 5);
INSERT INTO public.constructor_standings_2024 VALUES (222, 23, 'ferrari', 2, '2', 619, 5);
INSERT INTO public.constructor_standings_2024 VALUES (223, 23, 'red_bull', 3, '3', 581, 9);
INSERT INTO public.constructor_standings_2024 VALUES (224, 23, 'mercedes', 4, '4', 446, 4);
INSERT INTO public.constructor_standings_2024 VALUES (225, 23, 'aston_martin', 5, '5', 92, 0);
INSERT INTO public.constructor_standings_2024 VALUES (226, 23, 'alpine', 6, '6', 59, 0);
INSERT INTO public.constructor_standings_2024 VALUES (227, 23, 'haas', 7, '7', 54, 0);
INSERT INTO public.constructor_standings_2024 VALUES (228, 23, 'rb', 8, '8', 46, 0);
INSERT INTO public.constructor_standings_2024 VALUES (229, 23, 'williams', 9, '9', 17, 0);
INSERT INTO public.constructor_standings_2024 VALUES (230, 23, 'sauber', 10, '10', 4, 0);
INSERT INTO public.constructor_standings_2024 VALUES (231, 24, 'mclaren', 1, '1', 666, 6);
INSERT INTO public.constructor_standings_2024 VALUES (232, 24, 'ferrari', 2, '2', 652, 5);
INSERT INTO public.constructor_standings_2024 VALUES (233, 24, 'red_bull', 3, '3', 589, 9);
INSERT INTO public.constructor_standings_2024 VALUES (234, 24, 'mercedes', 4, '4', 468, 4);
INSERT INTO public.constructor_standings_2024 VALUES (235, 24, 'aston_martin', 5, '5', 94, 0);
INSERT INTO public.constructor_standings_2024 VALUES (236, 24, 'alpine', 6, '6', 65, 0);
INSERT INTO public.constructor_standings_2024 VALUES (237, 24, 'haas', 7, '7', 58, 0);
INSERT INTO public.constructor_standings_2024 VALUES (238, 24, 'rb', 8, '8', 46, 0);
INSERT INTO public.constructor_standings_2024 VALUES (239, 24, 'williams', 9, '9', 17, 0);
INSERT INTO public.constructor_standings_2024 VALUES (240, 24, 'sauber', 10, '10', 4, 0);


--
-- Data for Name: drivers_2024; Type: TABLE DATA; Schema: public; Owner: alexf1
--

INSERT INTO public.drivers_2024 VALUES ('antonelli', 12, 'ANT', 'Andrea Kimi', 'Antonelli', '2006-08-25', 'Italian', 'https://en.wikipedia.org/wiki/Andrea_Kimi_Antonelli', NULL);
INSERT INTO public.drivers_2024 VALUES ('max_verstappen', 33, 'VER', 'Max', 'Verstappen', '1997-09-30', 'Dutch', 'http://en.wikipedia.org/wiki/Max_Verstappen', 'red_bull');
INSERT INTO public.drivers_2024 VALUES ('perez', 11, 'PER', 'Sergio', 'Pérez', '1990-01-26', 'Mexican', 'http://en.wikipedia.org/wiki/Sergio_P%C3%A9rez', 'red_bull');
INSERT INTO public.drivers_2024 VALUES ('sainz', 55, 'SAI', 'Carlos', 'Sainz', '1994-09-01', 'Spanish', 'http://en.wikipedia.org/wiki/Carlos_Sainz_Jr.', 'ferrari');
INSERT INTO public.drivers_2024 VALUES ('leclerc', 16, 'LEC', 'Charles', 'Leclerc', '1997-10-16', 'Monegasque', 'http://en.wikipedia.org/wiki/Charles_Leclerc', 'ferrari');
INSERT INTO public.drivers_2024 VALUES ('russell', 63, 'RUS', 'George', 'Russell', '1998-02-15', 'British', 'http://en.wikipedia.org/wiki/George_Russell_(racing_driver)', 'mercedes');
INSERT INTO public.drivers_2024 VALUES ('norris', 4, 'NOR', 'Lando', 'Norris', '1999-11-13', 'British', 'http://en.wikipedia.org/wiki/Lando_Norris', 'mclaren');
INSERT INTO public.drivers_2024 VALUES ('hamilton', 44, 'HAM', 'Lewis', 'Hamilton', '1985-01-07', 'British', 'http://en.wikipedia.org/wiki/Lewis_Hamilton', 'mercedes');
INSERT INTO public.drivers_2024 VALUES ('piastri', 81, 'PIA', 'Oscar', 'Piastri', '2001-04-06', 'Australian', 'http://en.wikipedia.org/wiki/Oscar_Piastri', 'mclaren');
INSERT INTO public.drivers_2024 VALUES ('alonso', 14, 'ALO', 'Fernando', 'Alonso', '1981-07-29', 'Spanish', 'http://en.wikipedia.org/wiki/Fernando_Alonso', 'aston_martin');
INSERT INTO public.drivers_2024 VALUES ('stroll', 18, 'STR', 'Lance', 'Stroll', '1998-10-29', 'Canadian', 'http://en.wikipedia.org/wiki/Lance_Stroll', 'aston_martin');
INSERT INTO public.drivers_2024 VALUES ('zhou', 24, 'ZHO', 'Guanyu', 'Zhou', '1999-05-30', 'Chinese', 'http://en.wikipedia.org/wiki/Zhou_Guanyu', 'sauber');
INSERT INTO public.drivers_2024 VALUES ('kevin_magnussen', 20, 'MAG', 'Kevin', 'Magnussen', '1992-10-05', 'Danish', 'http://en.wikipedia.org/wiki/Kevin_Magnussen', 'haas');
INSERT INTO public.drivers_2024 VALUES ('ricciardo', 3, 'RIC', 'Daniel', 'Ricciardo', '1989-07-01', 'Australian', 'http://en.wikipedia.org/wiki/Daniel_Ricciardo', 'rb');
INSERT INTO public.drivers_2024 VALUES ('tsunoda', 22, 'TSU', 'Yuki', 'Tsunoda', '2000-05-11', 'Japanese', 'http://en.wikipedia.org/wiki/Yuki_Tsunoda', 'rb');
INSERT INTO public.drivers_2024 VALUES ('albon', 23, 'ALB', 'Alexander', 'Albon', '1996-03-23', 'Thai', 'http://en.wikipedia.org/wiki/Alexander_Albon', 'williams');
INSERT INTO public.drivers_2024 VALUES ('hulkenberg', 27, 'HUL', 'Nico', 'Hülkenberg', '1987-08-19', 'German', 'http://en.wikipedia.org/wiki/Nico_H%C3%BClkenberg', 'haas');
INSERT INTO public.drivers_2024 VALUES ('ocon', 31, 'OCO', 'Esteban', 'Ocon', '1996-09-17', 'French', 'http://en.wikipedia.org/wiki/Esteban_Ocon', 'alpine');
INSERT INTO public.drivers_2024 VALUES ('gasly', 10, 'GAS', 'Pierre', 'Gasly', '1996-02-07', 'French', 'http://en.wikipedia.org/wiki/Pierre_Gasly', 'alpine');
INSERT INTO public.drivers_2024 VALUES ('bottas', 77, 'BOT', 'Valtteri', 'Bottas', '1989-08-28', 'Finnish', 'http://en.wikipedia.org/wiki/Valtteri_Bottas', 'sauber');
INSERT INTO public.drivers_2024 VALUES ('sargeant', 2, 'SAR', 'Logan', 'Sargeant', '2000-12-31', 'American', 'http://en.wikipedia.org/wiki/Logan_Sargeant', 'williams');
INSERT INTO public.drivers_2024 VALUES ('bearman', 87, 'BEA', 'Oliver', 'Bearman', '2005-05-08', 'British', 'http://en.wikipedia.org/wiki/Oliver_Bearman', 'haas');
INSERT INTO public.drivers_2024 VALUES ('colapinto', 43, 'COL', 'Franco', 'Colapinto', '2003-05-27', 'Argentine', 'http://en.wikipedia.org/wiki/Franco_Colapinto', 'williams');
INSERT INTO public.drivers_2024 VALUES ('lawson', 30, 'LAW', 'Liam', 'Lawson', '2002-02-11', 'New Zealander', 'http://en.wikipedia.org/wiki/Liam_Lawson', 'rb');
INSERT INTO public.drivers_2024 VALUES ('doohan', 7, 'DOO', 'Jack', 'Doohan', '2003-01-20', 'Australian', 'http://en.wikipedia.org/wiki/Jack_Doohan', 'alpine');


--
-- Data for Name: driver_standings_2024; Type: TABLE DATA; Schema: public; Owner: alexf1
--

INSERT INTO public.driver_standings_2024 VALUES (1, 1, 'max_verstappen', 1, '1', 26, 1);
INSERT INTO public.driver_standings_2024 VALUES (2, 1, 'perez', 2, '2', 18, 0);
INSERT INTO public.driver_standings_2024 VALUES (3, 1, 'sainz', 3, '3', 15, 0);
INSERT INTO public.driver_standings_2024 VALUES (4, 1, 'leclerc', 4, '4', 12, 0);
INSERT INTO public.driver_standings_2024 VALUES (5, 1, 'russell', 5, '5', 10, 0);
INSERT INTO public.driver_standings_2024 VALUES (6, 1, 'norris', 6, '6', 8, 0);
INSERT INTO public.driver_standings_2024 VALUES (7, 1, 'hamilton', 7, '7', 6, 0);
INSERT INTO public.driver_standings_2024 VALUES (8, 1, 'piastri', 8, '8', 4, 0);
INSERT INTO public.driver_standings_2024 VALUES (9, 1, 'alonso', 9, '9', 2, 0);
INSERT INTO public.driver_standings_2024 VALUES (10, 1, 'stroll', 10, '10', 1, 0);
INSERT INTO public.driver_standings_2024 VALUES (11, 1, 'zhou', 11, '11', 0, 0);
INSERT INTO public.driver_standings_2024 VALUES (12, 1, 'kevin_magnussen', 12, '12', 0, 0);
INSERT INTO public.driver_standings_2024 VALUES (13, 1, 'ricciardo', 13, '13', 0, 0);
INSERT INTO public.driver_standings_2024 VALUES (14, 1, 'tsunoda', 14, '14', 0, 0);
INSERT INTO public.driver_standings_2024 VALUES (15, 1, 'albon', 15, '15', 0, 0);
INSERT INTO public.driver_standings_2024 VALUES (16, 1, 'hulkenberg', 16, '16', 0, 0);
INSERT INTO public.driver_standings_2024 VALUES (17, 1, 'ocon', 17, '17', 0, 0);
INSERT INTO public.driver_standings_2024 VALUES (18, 1, 'gasly', 18, '18', 0, 0);
INSERT INTO public.driver_standings_2024 VALUES (19, 1, 'bottas', 19, '19', 0, 0);
INSERT INTO public.driver_standings_2024 VALUES (20, 1, 'sargeant', 20, '20', 0, 0);
INSERT INTO public.driver_standings_2024 VALUES (21, 2, 'max_verstappen', 1, '1', 51, 2);
INSERT INTO public.driver_standings_2024 VALUES (22, 2, 'perez', 2, '2', 36, 0);
INSERT INTO public.driver_standings_2024 VALUES (23, 2, 'leclerc', 3, '3', 28, 0);
INSERT INTO public.driver_standings_2024 VALUES (24, 2, 'russell', 4, '4', 18, 0);
INSERT INTO public.driver_standings_2024 VALUES (25, 2, 'piastri', 5, '5', 16, 0);
INSERT INTO public.driver_standings_2024 VALUES (26, 2, 'sainz', 6, '6', 15, 0);
INSERT INTO public.driver_standings_2024 VALUES (27, 2, 'alonso', 7, '7', 12, 0);
INSERT INTO public.driver_standings_2024 VALUES (28, 2, 'norris', 8, '8', 12, 0);
INSERT INTO public.driver_standings_2024 VALUES (29, 2, 'hamilton', 9, '9', 8, 0);
INSERT INTO public.driver_standings_2024 VALUES (30, 2, 'bearman', 10, '10', 6, 0);
INSERT INTO public.driver_standings_2024 VALUES (31, 2, 'hulkenberg', 11, '11', 1, 0);
INSERT INTO public.driver_standings_2024 VALUES (32, 2, 'stroll', 12, '12', 1, 0);
INSERT INTO public.driver_standings_2024 VALUES (33, 2, 'albon', 13, '13', 0, 0);
INSERT INTO public.driver_standings_2024 VALUES (34, 2, 'zhou', 14, '14', 0, 0);
INSERT INTO public.driver_standings_2024 VALUES (35, 2, 'kevin_magnussen', 15, '15', 0, 0);
INSERT INTO public.driver_standings_2024 VALUES (36, 2, 'ricciardo', 16, '16', 0, 0);
INSERT INTO public.driver_standings_2024 VALUES (37, 2, 'ocon', 17, '17', 0, 0);
INSERT INTO public.driver_standings_2024 VALUES (38, 2, 'tsunoda', 18, '18', 0, 0);
INSERT INTO public.driver_standings_2024 VALUES (39, 2, 'sargeant', 19, '19', 0, 0);
INSERT INTO public.driver_standings_2024 VALUES (40, 2, 'bottas', 20, '20', 0, 0);
INSERT INTO public.driver_standings_2024 VALUES (41, 2, 'gasly', 21, '21', 0, 0);
INSERT INTO public.driver_standings_2024 VALUES (42, 3, 'max_verstappen', 1, '1', 51, 2);
INSERT INTO public.driver_standings_2024 VALUES (43, 3, 'leclerc', 2, '2', 47, 0);
INSERT INTO public.driver_standings_2024 VALUES (44, 3, 'perez', 3, '3', 46, 0);
INSERT INTO public.driver_standings_2024 VALUES (45, 3, 'sainz', 4, '4', 40, 1);
INSERT INTO public.driver_standings_2024 VALUES (46, 3, 'piastri', 5, '5', 28, 0);
INSERT INTO public.driver_standings_2024 VALUES (47, 3, 'norris', 6, '6', 27, 0);
INSERT INTO public.driver_standings_2024 VALUES (48, 3, 'russell', 7, '7', 18, 0);
INSERT INTO public.driver_standings_2024 VALUES (49, 3, 'alonso', 8, '8', 16, 0);
INSERT INTO public.driver_standings_2024 VALUES (50, 3, 'stroll', 9, '9', 9, 0);
INSERT INTO public.driver_standings_2024 VALUES (51, 3, 'hamilton', 10, '10', 8, 0);
INSERT INTO public.driver_standings_2024 VALUES (52, 3, 'tsunoda', 11, '11', 6, 0);
INSERT INTO public.driver_standings_2024 VALUES (53, 3, 'bearman', 12, '12', 6, 0);
INSERT INTO public.driver_standings_2024 VALUES (54, 3, 'hulkenberg', 13, '13', 3, 0);
INSERT INTO public.driver_standings_2024 VALUES (55, 3, 'kevin_magnussen', 14, '14', 1, 0);
INSERT INTO public.driver_standings_2024 VALUES (56, 3, 'albon', 15, '15', 0, 0);
INSERT INTO public.driver_standings_2024 VALUES (57, 3, 'zhou', 16, '16', 0, 0);
INSERT INTO public.driver_standings_2024 VALUES (58, 3, 'ricciardo', 17, '17', 0, 0);
INSERT INTO public.driver_standings_2024 VALUES (59, 3, 'ocon', 18, '18', 0, 0);
INSERT INTO public.driver_standings_2024 VALUES (60, 3, 'gasly', 19, '19', 0, 0);
INSERT INTO public.driver_standings_2024 VALUES (61, 3, 'bottas', 20, '20', 0, 0);
INSERT INTO public.driver_standings_2024 VALUES (62, 3, 'sargeant', 21, '21', 0, 0);
INSERT INTO public.driver_standings_2024 VALUES (63, 4, 'max_verstappen', 1, '1', 77, 3);
INSERT INTO public.driver_standings_2024 VALUES (64, 4, 'perez', 2, '2', 64, 0);
INSERT INTO public.driver_standings_2024 VALUES (65, 4, 'leclerc', 3, '3', 59, 0);
INSERT INTO public.driver_standings_2024 VALUES (66, 4, 'sainz', 4, '4', 55, 1);
INSERT INTO public.driver_standings_2024 VALUES (67, 4, 'norris', 5, '5', 37, 0);
INSERT INTO public.driver_standings_2024 VALUES (68, 4, 'piastri', 6, '6', 32, 0);
INSERT INTO public.driver_standings_2024 VALUES (69, 4, 'russell', 7, '7', 24, 0);
INSERT INTO public.driver_standings_2024 VALUES (70, 4, 'alonso', 8, '8', 24, 0);
INSERT INTO public.driver_standings_2024 VALUES (71, 4, 'hamilton', 9, '9', 10, 0);
INSERT INTO public.driver_standings_2024 VALUES (72, 4, 'stroll', 10, '10', 9, 0);
INSERT INTO public.driver_standings_2024 VALUES (73, 4, 'tsunoda', 11, '11', 7, 0);
INSERT INTO public.driver_standings_2024 VALUES (74, 4, 'bearman', 12, '12', 6, 0);
INSERT INTO public.driver_standings_2024 VALUES (75, 4, 'hulkenberg', 13, '13', 3, 0);
INSERT INTO public.driver_standings_2024 VALUES (76, 4, 'kevin_magnussen', 14, '14', 1, 0);
INSERT INTO public.driver_standings_2024 VALUES (77, 4, 'albon', 15, '15', 0, 0);
INSERT INTO public.driver_standings_2024 VALUES (78, 4, 'zhou', 16, '16', 0, 0);
INSERT INTO public.driver_standings_2024 VALUES (79, 4, 'ricciardo', 17, '17', 0, 0);
INSERT INTO public.driver_standings_2024 VALUES (80, 4, 'ocon', 18, '18', 0, 0);
INSERT INTO public.driver_standings_2024 VALUES (81, 4, 'gasly', 19, '19', 0, 0);
INSERT INTO public.driver_standings_2024 VALUES (82, 4, 'bottas', 20, '20', 0, 0);
INSERT INTO public.driver_standings_2024 VALUES (83, 4, 'sargeant', 21, '21', 0, 0);
INSERT INTO public.driver_standings_2024 VALUES (84, 5, 'max_verstappen', 1, '1', 110, 4);
INSERT INTO public.driver_standings_2024 VALUES (85, 5, 'perez', 2, '2', 85, 0);
INSERT INTO public.driver_standings_2024 VALUES (86, 5, 'leclerc', 3, '3', 76, 0);
INSERT INTO public.driver_standings_2024 VALUES (87, 5, 'sainz', 4, '4', 69, 1);
INSERT INTO public.driver_standings_2024 VALUES (88, 5, 'norris', 5, '5', 58, 0);
INSERT INTO public.driver_standings_2024 VALUES (89, 5, 'piastri', 6, '6', 38, 0);
INSERT INTO public.driver_standings_2024 VALUES (90, 5, 'russell', 7, '7', 33, 0);
INSERT INTO public.driver_standings_2024 VALUES (91, 5, 'alonso', 8, '8', 31, 0);
INSERT INTO public.driver_standings_2024 VALUES (92, 5, 'hamilton', 9, '9', 19, 0);
INSERT INTO public.driver_standings_2024 VALUES (93, 5, 'stroll', 10, '10', 9, 0);
INSERT INTO public.driver_standings_2024 VALUES (94, 5, 'tsunoda', 11, '11', 7, 0);
INSERT INTO public.driver_standings_2024 VALUES (95, 5, 'bearman', 12, '12', 6, 0);
INSERT INTO public.driver_standings_2024 VALUES (96, 5, 'hulkenberg', 13, '13', 4, 0);
INSERT INTO public.driver_standings_2024 VALUES (97, 5, 'kevin_magnussen', 14, '14', 1, 0);
INSERT INTO public.driver_standings_2024 VALUES (98, 5, 'albon', 15, '15', 0, 0);
INSERT INTO public.driver_standings_2024 VALUES (99, 5, 'ocon', 16, '16', 0, 0);
INSERT INTO public.driver_standings_2024 VALUES (100, 5, 'zhou', 17, '17', 0, 0);
INSERT INTO public.driver_standings_2024 VALUES (101, 5, 'ricciardo', 18, '18', 0, 0);
INSERT INTO public.driver_standings_2024 VALUES (102, 5, 'gasly', 19, '19', 0, 0);
INSERT INTO public.driver_standings_2024 VALUES (103, 5, 'bottas', 20, '20', 0, 0);
INSERT INTO public.driver_standings_2024 VALUES (104, 5, 'sargeant', 21, '21', 0, 0);
INSERT INTO public.driver_standings_2024 VALUES (105, 6, 'max_verstappen', 1, '1', 136, 4);
INSERT INTO public.driver_standings_2024 VALUES (106, 6, 'perez', 2, '2', 103, 0);
INSERT INTO public.driver_standings_2024 VALUES (107, 6, 'leclerc', 3, '3', 98, 0);
INSERT INTO public.driver_standings_2024 VALUES (108, 6, 'norris', 4, '4', 83, 1);
INSERT INTO public.driver_standings_2024 VALUES (109, 6, 'sainz', 5, '5', 83, 1);
INSERT INTO public.driver_standings_2024 VALUES (110, 6, 'piastri', 6, '6', 41, 0);
INSERT INTO public.driver_standings_2024 VALUES (111, 6, 'russell', 7, '7', 37, 0);
INSERT INTO public.driver_standings_2024 VALUES (112, 6, 'alonso', 8, '8', 33, 0);
INSERT INTO public.driver_standings_2024 VALUES (113, 6, 'hamilton', 9, '9', 27, 0);
INSERT INTO public.driver_standings_2024 VALUES (114, 6, 'tsunoda', 10, '10', 14, 0);
INSERT INTO public.driver_standings_2024 VALUES (115, 6, 'stroll', 11, '11', 9, 0);
INSERT INTO public.driver_standings_2024 VALUES (116, 6, 'bearman', 12, '12', 6, 0);
INSERT INTO public.driver_standings_2024 VALUES (117, 6, 'hulkenberg', 13, '13', 6, 0);
INSERT INTO public.driver_standings_2024 VALUES (118, 6, 'ricciardo', 14, '14', 5, 0);
INSERT INTO public.driver_standings_2024 VALUES (119, 6, 'ocon', 15, '15', 1, 0);
INSERT INTO public.driver_standings_2024 VALUES (120, 6, 'kevin_magnussen', 16, '16', 1, 0);
INSERT INTO public.driver_standings_2024 VALUES (121, 6, 'albon', 17, '17', 0, 0);
INSERT INTO public.driver_standings_2024 VALUES (122, 6, 'zhou', 18, '18', 0, 0);
INSERT INTO public.driver_standings_2024 VALUES (123, 6, 'gasly', 19, '19', 0, 0);
INSERT INTO public.driver_standings_2024 VALUES (124, 6, 'bottas', 20, '20', 0, 0);
INSERT INTO public.driver_standings_2024 VALUES (125, 6, 'sargeant', 21, '21', 0, 0);
INSERT INTO public.driver_standings_2024 VALUES (126, 7, 'max_verstappen', 1, '1', 161, 5);
INSERT INTO public.driver_standings_2024 VALUES (127, 7, 'leclerc', 2, '2', 113, 0);
INSERT INTO public.driver_standings_2024 VALUES (128, 7, 'perez', 3, '3', 107, 0);
INSERT INTO public.driver_standings_2024 VALUES (129, 7, 'norris', 4, '4', 101, 1);
INSERT INTO public.driver_standings_2024 VALUES (130, 7, 'sainz', 5, '5', 93, 1);
INSERT INTO public.driver_standings_2024 VALUES (131, 7, 'piastri', 6, '6', 53, 0);
INSERT INTO public.driver_standings_2024 VALUES (132, 7, 'russell', 7, '7', 44, 0);
INSERT INTO public.driver_standings_2024 VALUES (133, 7, 'hamilton', 8, '8', 35, 0);
INSERT INTO public.driver_standings_2024 VALUES (134, 7, 'alonso', 9, '9', 33, 0);
INSERT INTO public.driver_standings_2024 VALUES (135, 7, 'tsunoda', 10, '10', 15, 0);
INSERT INTO public.driver_standings_2024 VALUES (136, 7, 'stroll', 11, '11', 11, 0);
INSERT INTO public.driver_standings_2024 VALUES (137, 7, 'bearman', 12, '12', 6, 0);
INSERT INTO public.driver_standings_2024 VALUES (138, 7, 'hulkenberg', 13, '13', 6, 0);
INSERT INTO public.driver_standings_2024 VALUES (139, 7, 'ricciardo', 14, '14', 5, 0);
INSERT INTO public.driver_standings_2024 VALUES (140, 7, 'ocon', 15, '15', 1, 0);
INSERT INTO public.driver_standings_2024 VALUES (141, 7, 'kevin_magnussen', 16, '16', 1, 0);
INSERT INTO public.driver_standings_2024 VALUES (142, 7, 'albon', 17, '17', 0, 0);
INSERT INTO public.driver_standings_2024 VALUES (143, 7, 'zhou', 18, '18', 0, 0);
INSERT INTO public.driver_standings_2024 VALUES (144, 7, 'gasly', 19, '19', 0, 0);
INSERT INTO public.driver_standings_2024 VALUES (145, 7, 'bottas', 20, '20', 0, 0);
INSERT INTO public.driver_standings_2024 VALUES (146, 7, 'sargeant', 21, '21', 0, 0);
INSERT INTO public.driver_standings_2024 VALUES (147, 8, 'max_verstappen', 1, '1', 169, 5);
INSERT INTO public.driver_standings_2024 VALUES (148, 8, 'leclerc', 2, '2', 138, 1);
INSERT INTO public.driver_standings_2024 VALUES (149, 8, 'norris', 3, '3', 113, 1);
INSERT INTO public.driver_standings_2024 VALUES (150, 8, 'sainz', 4, '4', 108, 1);
INSERT INTO public.driver_standings_2024 VALUES (151, 8, 'perez', 5, '5', 107, 0);
INSERT INTO public.driver_standings_2024 VALUES (152, 8, 'piastri', 6, '6', 71, 0);
INSERT INTO public.driver_standings_2024 VALUES (153, 8, 'russell', 7, '7', 54, 0);
INSERT INTO public.driver_standings_2024 VALUES (154, 8, 'hamilton', 8, '8', 42, 0);
INSERT INTO public.driver_standings_2024 VALUES (155, 8, 'alonso', 9, '9', 33, 0);
INSERT INTO public.driver_standings_2024 VALUES (156, 8, 'tsunoda', 10, '10', 19, 0);
INSERT INTO public.driver_standings_2024 VALUES (157, 8, 'stroll', 11, '11', 11, 0);
INSERT INTO public.driver_standings_2024 VALUES (158, 8, 'bearman', 12, '12', 6, 0);
INSERT INTO public.driver_standings_2024 VALUES (159, 8, 'hulkenberg', 13, '13', 6, 0);
INSERT INTO public.driver_standings_2024 VALUES (160, 8, 'ricciardo', 14, '14', 5, 0);
INSERT INTO public.driver_standings_2024 VALUES (161, 8, 'albon', 15, '15', 2, 0);
INSERT INTO public.driver_standings_2024 VALUES (162, 8, 'ocon', 16, '16', 1, 0);
INSERT INTO public.driver_standings_2024 VALUES (163, 8, 'kevin_magnussen', 17, '17', 1, 0);
INSERT INTO public.driver_standings_2024 VALUES (164, 8, 'gasly', 18, '18', 1, 0);
INSERT INTO public.driver_standings_2024 VALUES (165, 8, 'zhou', 19, '19', 0, 0);
INSERT INTO public.driver_standings_2024 VALUES (166, 8, 'bottas', 20, '20', 0, 0);
INSERT INTO public.driver_standings_2024 VALUES (167, 8, 'sargeant', 21, '21', 0, 0);
INSERT INTO public.driver_standings_2024 VALUES (168, 9, 'max_verstappen', 1, '1', 194, 6);
INSERT INTO public.driver_standings_2024 VALUES (169, 9, 'leclerc', 2, '2', 138, 1);
INSERT INTO public.driver_standings_2024 VALUES (170, 9, 'norris', 3, '3', 131, 1);
INSERT INTO public.driver_standings_2024 VALUES (171, 9, 'sainz', 4, '4', 108, 1);
INSERT INTO public.driver_standings_2024 VALUES (172, 9, 'perez', 5, '5', 107, 0);
INSERT INTO public.driver_standings_2024 VALUES (173, 9, 'piastri', 6, '6', 81, 0);
INSERT INTO public.driver_standings_2024 VALUES (174, 9, 'russell', 7, '7', 69, 0);
INSERT INTO public.driver_standings_2024 VALUES (175, 9, 'hamilton', 8, '8', 55, 0);
INSERT INTO public.driver_standings_2024 VALUES (176, 9, 'alonso', 9, '9', 41, 0);
INSERT INTO public.driver_standings_2024 VALUES (177, 9, 'tsunoda', 10, '10', 19, 0);
INSERT INTO public.driver_standings_2024 VALUES (178, 9, 'stroll', 11, '11', 17, 0);
INSERT INTO public.driver_standings_2024 VALUES (179, 9, 'ricciardo', 12, '12', 9, 0);
INSERT INTO public.driver_standings_2024 VALUES (180, 9, 'bearman', 13, '13', 6, 0);
INSERT INTO public.driver_standings_2024 VALUES (181, 9, 'hulkenberg', 14, '14', 6, 0);
INSERT INTO public.driver_standings_2024 VALUES (182, 9, 'gasly', 15, '15', 3, 0);
INSERT INTO public.driver_standings_2024 VALUES (183, 9, 'albon', 16, '16', 2, 0);
INSERT INTO public.driver_standings_2024 VALUES (184, 9, 'ocon', 17, '17', 2, 0);
INSERT INTO public.driver_standings_2024 VALUES (185, 9, 'kevin_magnussen', 18, '18', 1, 0);
INSERT INTO public.driver_standings_2024 VALUES (186, 9, 'zhou', 19, '19', 0, 0);
INSERT INTO public.driver_standings_2024 VALUES (187, 9, 'bottas', 20, '20', 0, 0);
INSERT INTO public.driver_standings_2024 VALUES (188, 9, 'sargeant', 21, '21', 0, 0);
INSERT INTO public.driver_standings_2024 VALUES (189, 10, 'max_verstappen', 1, '1', 219, 7);
INSERT INTO public.driver_standings_2024 VALUES (190, 10, 'norris', 2, '2', 150, 1);
INSERT INTO public.driver_standings_2024 VALUES (191, 10, 'leclerc', 3, '3', 148, 1);
INSERT INTO public.driver_standings_2024 VALUES (192, 10, 'sainz', 4, '4', 116, 1);
INSERT INTO public.driver_standings_2024 VALUES (193, 10, 'perez', 5, '5', 111, 0);
INSERT INTO public.driver_standings_2024 VALUES (194, 10, 'piastri', 6, '6', 87, 0);
INSERT INTO public.driver_standings_2024 VALUES (195, 10, 'russell', 7, '7', 81, 0);
INSERT INTO public.driver_standings_2024 VALUES (196, 10, 'hamilton', 8, '8', 70, 0);
INSERT INTO public.driver_standings_2024 VALUES (197, 10, 'alonso', 9, '9', 41, 0);
INSERT INTO public.driver_standings_2024 VALUES (198, 10, 'tsunoda', 10, '10', 19, 0);
INSERT INTO public.driver_standings_2024 VALUES (199, 10, 'stroll', 11, '11', 17, 0);
INSERT INTO public.driver_standings_2024 VALUES (200, 10, 'ricciardo', 12, '12', 9, 0);
INSERT INTO public.driver_standings_2024 VALUES (201, 10, 'bearman', 13, '13', 6, 0);
INSERT INTO public.driver_standings_2024 VALUES (202, 10, 'hulkenberg', 14, '14', 6, 0);
INSERT INTO public.driver_standings_2024 VALUES (203, 10, 'gasly', 15, '15', 5, 0);
INSERT INTO public.driver_standings_2024 VALUES (204, 10, 'ocon', 16, '16', 3, 0);
INSERT INTO public.driver_standings_2024 VALUES (205, 10, 'albon', 17, '17', 2, 0);
INSERT INTO public.driver_standings_2024 VALUES (206, 10, 'kevin_magnussen', 18, '18', 1, 0);
INSERT INTO public.driver_standings_2024 VALUES (207, 10, 'zhou', 19, '19', 0, 0);
INSERT INTO public.driver_standings_2024 VALUES (208, 10, 'bottas', 20, '20', 0, 0);
INSERT INTO public.driver_standings_2024 VALUES (209, 10, 'sargeant', 21, '21', 0, 0);
INSERT INTO public.driver_standings_2024 VALUES (210, 11, 'max_verstappen', 1, '1', 237, 7);
INSERT INTO public.driver_standings_2024 VALUES (211, 11, 'norris', 2, '2', 156, 1);
INSERT INTO public.driver_standings_2024 VALUES (212, 11, 'leclerc', 3, '3', 150, 1);
INSERT INTO public.driver_standings_2024 VALUES (213, 11, 'sainz', 4, '4', 135, 1);
INSERT INTO public.driver_standings_2024 VALUES (214, 11, 'perez', 5, '5', 118, 0);
INSERT INTO public.driver_standings_2024 VALUES (215, 11, 'piastri', 6, '6', 112, 0);
INSERT INTO public.driver_standings_2024 VALUES (216, 11, 'russell', 7, '7', 111, 1);
INSERT INTO public.driver_standings_2024 VALUES (217, 11, 'hamilton', 8, '8', 85, 0);
INSERT INTO public.driver_standings_2024 VALUES (218, 11, 'alonso', 9, '9', 41, 0);
INSERT INTO public.driver_standings_2024 VALUES (219, 11, 'tsunoda', 10, '10', 19, 0);
INSERT INTO public.driver_standings_2024 VALUES (220, 11, 'stroll', 11, '11', 17, 0);
INSERT INTO public.driver_standings_2024 VALUES (221, 11, 'hulkenberg', 12, '12', 14, 0);
INSERT INTO public.driver_standings_2024 VALUES (222, 11, 'ricciardo', 13, '13', 11, 0);
INSERT INTO public.driver_standings_2024 VALUES (223, 11, 'bearman', 14, '14', 6, 0);
INSERT INTO public.driver_standings_2024 VALUES (224, 11, 'gasly', 15, '15', 6, 0);
INSERT INTO public.driver_standings_2024 VALUES (225, 11, 'kevin_magnussen', 16, '16', 5, 0);
INSERT INTO public.driver_standings_2024 VALUES (226, 11, 'ocon', 17, '17', 3, 0);
INSERT INTO public.driver_standings_2024 VALUES (227, 11, 'albon', 18, '18', 2, 0);
INSERT INTO public.driver_standings_2024 VALUES (228, 11, 'zhou', 19, '19', 0, 0);
INSERT INTO public.driver_standings_2024 VALUES (229, 11, 'bottas', 20, '20', 0, 0);
INSERT INTO public.driver_standings_2024 VALUES (230, 11, 'sargeant', 21, '21', 0, 0);
INSERT INTO public.driver_standings_2024 VALUES (231, 12, 'max_verstappen', 1, '1', 255, 7);
INSERT INTO public.driver_standings_2024 VALUES (232, 12, 'norris', 2, '2', 171, 1);
INSERT INTO public.driver_standings_2024 VALUES (233, 12, 'leclerc', 3, '3', 150, 1);
INSERT INTO public.driver_standings_2024 VALUES (234, 12, 'sainz', 4, '4', 146, 1);
INSERT INTO public.driver_standings_2024 VALUES (235, 12, 'piastri', 5, '5', 124, 0);
INSERT INTO public.driver_standings_2024 VALUES (236, 12, 'perez', 6, '6', 118, 0);
INSERT INTO public.driver_standings_2024 VALUES (237, 12, 'russell', 7, '7', 111, 1);
INSERT INTO public.driver_standings_2024 VALUES (238, 12, 'hamilton', 8, '8', 110, 1);
INSERT INTO public.driver_standings_2024 VALUES (239, 12, 'alonso', 9, '9', 45, 0);
INSERT INTO public.driver_standings_2024 VALUES (240, 12, 'stroll', 10, '10', 23, 0);
INSERT INTO public.driver_standings_2024 VALUES (241, 12, 'hulkenberg', 11, '11', 22, 0);
INSERT INTO public.driver_standings_2024 VALUES (242, 12, 'tsunoda', 12, '12', 20, 0);
INSERT INTO public.driver_standings_2024 VALUES (243, 12, 'ricciardo', 13, '13', 11, 0);
INSERT INTO public.driver_standings_2024 VALUES (244, 12, 'bearman', 14, '14', 6, 0);
INSERT INTO public.driver_standings_2024 VALUES (245, 12, 'gasly', 15, '15', 6, 0);
INSERT INTO public.driver_standings_2024 VALUES (246, 12, 'kevin_magnussen', 16, '16', 5, 0);
INSERT INTO public.driver_standings_2024 VALUES (247, 12, 'albon', 17, '17', 4, 0);
INSERT INTO public.driver_standings_2024 VALUES (248, 12, 'ocon', 18, '18', 3, 0);
INSERT INTO public.driver_standings_2024 VALUES (249, 12, 'zhou', 19, '19', 0, 0);
INSERT INTO public.driver_standings_2024 VALUES (250, 12, 'sargeant', 20, '20', 0, 0);
INSERT INTO public.driver_standings_2024 VALUES (251, 12, 'bottas', 21, '21', 0, 0);
INSERT INTO public.driver_standings_2024 VALUES (252, 13, 'max_verstappen', 1, '1', 265, 7);
INSERT INTO public.driver_standings_2024 VALUES (253, 13, 'norris', 2, '2', 189, 1);
INSERT INTO public.driver_standings_2024 VALUES (254, 13, 'leclerc', 3, '3', 162, 1);
INSERT INTO public.driver_standings_2024 VALUES (255, 13, 'sainz', 4, '4', 154, 1);
INSERT INTO public.driver_standings_2024 VALUES (256, 13, 'piastri', 5, '5', 149, 1);
INSERT INTO public.driver_standings_2024 VALUES (257, 13, 'hamilton', 6, '6', 125, 1);
INSERT INTO public.driver_standings_2024 VALUES (258, 13, 'perez', 7, '7', 124, 0);
INSERT INTO public.driver_standings_2024 VALUES (259, 13, 'russell', 8, '8', 116, 1);
INSERT INTO public.driver_standings_2024 VALUES (260, 13, 'alonso', 9, '9', 45, 0);
INSERT INTO public.driver_standings_2024 VALUES (261, 13, 'stroll', 10, '10', 24, 0);
INSERT INTO public.driver_standings_2024 VALUES (262, 13, 'hulkenberg', 11, '11', 22, 0);
INSERT INTO public.driver_standings_2024 VALUES (263, 13, 'tsunoda', 12, '12', 22, 0);
INSERT INTO public.driver_standings_2024 VALUES (264, 13, 'ricciardo', 13, '13', 11, 0);
INSERT INTO public.driver_standings_2024 VALUES (265, 13, 'bearman', 14, '14', 6, 0);
INSERT INTO public.driver_standings_2024 VALUES (266, 13, 'gasly', 15, '15', 6, 0);
INSERT INTO public.driver_standings_2024 VALUES (267, 13, 'kevin_magnussen', 16, '16', 5, 0);
INSERT INTO public.driver_standings_2024 VALUES (268, 13, 'albon', 17, '17', 4, 0);
INSERT INTO public.driver_standings_2024 VALUES (269, 13, 'ocon', 18, '18', 3, 0);
INSERT INTO public.driver_standings_2024 VALUES (270, 13, 'zhou', 19, '19', 0, 0);
INSERT INTO public.driver_standings_2024 VALUES (271, 13, 'sargeant', 20, '20', 0, 0);
INSERT INTO public.driver_standings_2024 VALUES (272, 13, 'bottas', 21, '21', 0, 0);
INSERT INTO public.driver_standings_2024 VALUES (273, 14, 'max_verstappen', 1, '1', 277, 7);
INSERT INTO public.driver_standings_2024 VALUES (274, 14, 'norris', 2, '2', 199, 1);
INSERT INTO public.driver_standings_2024 VALUES (275, 14, 'leclerc', 3, '3', 177, 1);
INSERT INTO public.driver_standings_2024 VALUES (276, 14, 'piastri', 4, '4', 167, 1);
INSERT INTO public.driver_standings_2024 VALUES (277, 14, 'sainz', 5, '5', 162, 1);
INSERT INTO public.driver_standings_2024 VALUES (278, 14, 'hamilton', 6, '6', 150, 2);
INSERT INTO public.driver_standings_2024 VALUES (279, 14, 'perez', 7, '7', 131, 0);
INSERT INTO public.driver_standings_2024 VALUES (280, 14, 'russell', 8, '8', 116, 1);
INSERT INTO public.driver_standings_2024 VALUES (281, 14, 'alonso', 9, '9', 49, 0);
INSERT INTO public.driver_standings_2024 VALUES (282, 14, 'stroll', 10, '10', 24, 0);
INSERT INTO public.driver_standings_2024 VALUES (283, 14, 'hulkenberg', 11, '11', 22, 0);
INSERT INTO public.driver_standings_2024 VALUES (284, 14, 'tsunoda', 12, '12', 22, 0);
INSERT INTO public.driver_standings_2024 VALUES (285, 14, 'ricciardo', 13, '13', 12, 0);
INSERT INTO public.driver_standings_2024 VALUES (286, 14, 'bearman', 14, '14', 6, 0);
INSERT INTO public.driver_standings_2024 VALUES (287, 14, 'gasly', 15, '15', 6, 0);
INSERT INTO public.driver_standings_2024 VALUES (288, 14, 'kevin_magnussen', 16, '16', 5, 0);
INSERT INTO public.driver_standings_2024 VALUES (289, 14, 'ocon', 17, '17', 5, 0);
INSERT INTO public.driver_standings_2024 VALUES (290, 14, 'albon', 18, '18', 4, 0);
INSERT INTO public.driver_standings_2024 VALUES (291, 14, 'zhou', 19, '19', 0, 0);
INSERT INTO public.driver_standings_2024 VALUES (292, 14, 'sargeant', 20, '20', 0, 0);
INSERT INTO public.driver_standings_2024 VALUES (293, 14, 'bottas', 21, '21', 0, 0);
INSERT INTO public.driver_standings_2024 VALUES (294, 15, 'max_verstappen', 1, '1', 295, 7);
INSERT INTO public.driver_standings_2024 VALUES (295, 15, 'norris', 2, '2', 225, 2);
INSERT INTO public.driver_standings_2024 VALUES (296, 15, 'leclerc', 3, '3', 192, 1);
INSERT INTO public.driver_standings_2024 VALUES (297, 15, 'piastri', 4, '4', 179, 1);
INSERT INTO public.driver_standings_2024 VALUES (298, 15, 'sainz', 5, '5', 172, 1);
INSERT INTO public.driver_standings_2024 VALUES (299, 15, 'hamilton', 6, '6', 154, 2);
INSERT INTO public.driver_standings_2024 VALUES (300, 15, 'perez', 7, '7', 139, 0);
INSERT INTO public.driver_standings_2024 VALUES (301, 15, 'russell', 8, '8', 122, 1);
INSERT INTO public.driver_standings_2024 VALUES (302, 15, 'alonso', 9, '9', 50, 0);
INSERT INTO public.driver_standings_2024 VALUES (303, 15, 'stroll', 10, '10', 24, 0);
INSERT INTO public.driver_standings_2024 VALUES (304, 15, 'hulkenberg', 11, '11', 22, 0);
INSERT INTO public.driver_standings_2024 VALUES (305, 15, 'tsunoda', 12, '12', 22, 0);
INSERT INTO public.driver_standings_2024 VALUES (306, 15, 'ricciardo', 13, '13', 12, 0);
INSERT INTO public.driver_standings_2024 VALUES (307, 15, 'gasly', 14, '14', 8, 0);
INSERT INTO public.driver_standings_2024 VALUES (308, 15, 'bearman', 15, '15', 6, 0);
INSERT INTO public.driver_standings_2024 VALUES (309, 15, 'kevin_magnussen', 16, '16', 5, 0);
INSERT INTO public.driver_standings_2024 VALUES (310, 15, 'ocon', 17, '17', 5, 0);
INSERT INTO public.driver_standings_2024 VALUES (311, 15, 'albon', 18, '18', 4, 0);
INSERT INTO public.driver_standings_2024 VALUES (312, 15, 'zhou', 19, '19', 0, 0);
INSERT INTO public.driver_standings_2024 VALUES (313, 15, 'sargeant', 20, '20', 0, 0);
INSERT INTO public.driver_standings_2024 VALUES (314, 15, 'bottas', 21, '21', 0, 0);
INSERT INTO public.driver_standings_2024 VALUES (315, 16, 'max_verstappen', 1, '1', 303, 7);
INSERT INTO public.driver_standings_2024 VALUES (316, 16, 'norris', 2, '2', 241, 2);
INSERT INTO public.driver_standings_2024 VALUES (317, 16, 'leclerc', 3, '3', 217, 2);
INSERT INTO public.driver_standings_2024 VALUES (318, 16, 'piastri', 4, '4', 197, 1);
INSERT INTO public.driver_standings_2024 VALUES (319, 16, 'sainz', 5, '5', 184, 1);
INSERT INTO public.driver_standings_2024 VALUES (320, 16, 'hamilton', 6, '6', 164, 2);
INSERT INTO public.driver_standings_2024 VALUES (321, 16, 'perez', 7, '7', 143, 0);
INSERT INTO public.driver_standings_2024 VALUES (322, 16, 'russell', 8, '8', 128, 1);
INSERT INTO public.driver_standings_2024 VALUES (323, 16, 'alonso', 9, '9', 50, 0);
INSERT INTO public.driver_standings_2024 VALUES (324, 16, 'stroll', 10, '10', 24, 0);
INSERT INTO public.driver_standings_2024 VALUES (325, 16, 'hulkenberg', 11, '11', 22, 0);
INSERT INTO public.driver_standings_2024 VALUES (326, 16, 'tsunoda', 12, '12', 22, 0);
INSERT INTO public.driver_standings_2024 VALUES (327, 16, 'ricciardo', 13, '13', 12, 0);
INSERT INTO public.driver_standings_2024 VALUES (328, 16, 'gasly', 14, '14', 8, 0);
INSERT INTO public.driver_standings_2024 VALUES (329, 16, 'bearman', 15, '15', 6, 0);
INSERT INTO public.driver_standings_2024 VALUES (330, 16, 'kevin_magnussen', 16, '16', 6, 0);
INSERT INTO public.driver_standings_2024 VALUES (331, 16, 'albon', 17, '17', 6, 0);
INSERT INTO public.driver_standings_2024 VALUES (332, 16, 'ocon', 18, '18', 5, 0);
INSERT INTO public.driver_standings_2024 VALUES (333, 16, 'zhou', 19, '19', 0, 0);
INSERT INTO public.driver_standings_2024 VALUES (334, 16, 'sargeant', 20, '20', 0, 0);
INSERT INTO public.driver_standings_2024 VALUES (335, 16, 'colapinto', 21, '21', 0, 0);
INSERT INTO public.driver_standings_2024 VALUES (336, 16, 'bottas', 22, '22', 0, 0);
INSERT INTO public.driver_standings_2024 VALUES (337, 17, 'max_verstappen', 1, '1', 313, 7);
INSERT INTO public.driver_standings_2024 VALUES (338, 17, 'norris', 2, '2', 254, 2);
INSERT INTO public.driver_standings_2024 VALUES (339, 17, 'leclerc', 3, '3', 235, 2);
INSERT INTO public.driver_standings_2024 VALUES (340, 17, 'piastri', 4, '4', 222, 2);
INSERT INTO public.driver_standings_2024 VALUES (341, 17, 'sainz', 5, '5', 184, 1);
INSERT INTO public.driver_standings_2024 VALUES (342, 17, 'hamilton', 6, '6', 166, 2);
INSERT INTO public.driver_standings_2024 VALUES (343, 17, 'russell', 7, '7', 143, 1);
INSERT INTO public.driver_standings_2024 VALUES (344, 17, 'perez', 8, '8', 143, 0);
INSERT INTO public.driver_standings_2024 VALUES (345, 17, 'alonso', 9, '9', 58, 0);
INSERT INTO public.driver_standings_2024 VALUES (346, 17, 'stroll', 10, '10', 24, 0);
INSERT INTO public.driver_standings_2024 VALUES (347, 17, 'hulkenberg', 11, '11', 22, 0);
INSERT INTO public.driver_standings_2024 VALUES (348, 17, 'tsunoda', 12, '12', 22, 0);
INSERT INTO public.driver_standings_2024 VALUES (349, 17, 'albon', 13, '13', 12, 0);
INSERT INTO public.driver_standings_2024 VALUES (350, 17, 'ricciardo', 14, '14', 12, 0);
INSERT INTO public.driver_standings_2024 VALUES (351, 17, 'gasly', 15, '15', 8, 0);
INSERT INTO public.driver_standings_2024 VALUES (352, 17, 'bearman', 16, '16', 7, 0);
INSERT INTO public.driver_standings_2024 VALUES (353, 17, 'kevin_magnussen', 17, '17', 6, 0);
INSERT INTO public.driver_standings_2024 VALUES (354, 17, 'ocon', 18, '18', 5, 0);
INSERT INTO public.driver_standings_2024 VALUES (355, 17, 'colapinto', 19, '19', 4, 0);
INSERT INTO public.driver_standings_2024 VALUES (356, 17, 'zhou', 20, '20', 0, 0);
INSERT INTO public.driver_standings_2024 VALUES (357, 17, 'sargeant', 21, '21', 0, 0);
INSERT INTO public.driver_standings_2024 VALUES (358, 17, 'bottas', 22, '22', 0, 0);
INSERT INTO public.driver_standings_2024 VALUES (359, 18, 'max_verstappen', 1, '1', 331, 7);
INSERT INTO public.driver_standings_2024 VALUES (360, 18, 'norris', 2, '2', 279, 3);
INSERT INTO public.driver_standings_2024 VALUES (361, 18, 'leclerc', 3, '3', 245, 2);
INSERT INTO public.driver_standings_2024 VALUES (362, 18, 'piastri', 4, '4', 237, 2);
INSERT INTO public.driver_standings_2024 VALUES (363, 18, 'sainz', 5, '5', 190, 1);
INSERT INTO public.driver_standings_2024 VALUES (364, 18, 'hamilton', 6, '6', 174, 2);
INSERT INTO public.driver_standings_2024 VALUES (365, 18, 'russell', 7, '7', 155, 1);
INSERT INTO public.driver_standings_2024 VALUES (366, 18, 'perez', 8, '8', 144, 0);
INSERT INTO public.driver_standings_2024 VALUES (367, 18, 'alonso', 9, '9', 62, 0);
INSERT INTO public.driver_standings_2024 VALUES (368, 18, 'hulkenberg', 10, '10', 24, 0);
INSERT INTO public.driver_standings_2024 VALUES (369, 18, 'stroll', 11, '11', 24, 0);
INSERT INTO public.driver_standings_2024 VALUES (370, 18, 'tsunoda', 12, '12', 22, 0);
INSERT INTO public.driver_standings_2024 VALUES (371, 18, 'albon', 13, '13', 12, 0);
INSERT INTO public.driver_standings_2024 VALUES (372, 18, 'ricciardo', 14, '14', 12, 0);
INSERT INTO public.driver_standings_2024 VALUES (373, 18, 'gasly', 15, '15', 8, 0);
INSERT INTO public.driver_standings_2024 VALUES (374, 18, 'bearman', 16, '16', 7, 0);
INSERT INTO public.driver_standings_2024 VALUES (375, 18, 'kevin_magnussen', 17, '17', 6, 0);
INSERT INTO public.driver_standings_2024 VALUES (376, 18, 'ocon', 18, '18', 5, 0);
INSERT INTO public.driver_standings_2024 VALUES (377, 18, 'colapinto', 19, '19', 4, 0);
INSERT INTO public.driver_standings_2024 VALUES (378, 18, 'zhou', 20, '20', 0, 0);
INSERT INTO public.driver_standings_2024 VALUES (379, 18, 'sargeant', 21, '21', 0, 0);
INSERT INTO public.driver_standings_2024 VALUES (380, 18, 'bottas', 22, '22', 0, 0);
INSERT INTO public.driver_standings_2024 VALUES (381, 19, 'max_verstappen', 1, '1', 354, 7);
INSERT INTO public.driver_standings_2024 VALUES (382, 19, 'norris', 2, '2', 297, 3);
INSERT INTO public.driver_standings_2024 VALUES (383, 19, 'leclerc', 3, '3', 275, 3);
INSERT INTO public.driver_standings_2024 VALUES (384, 19, 'piastri', 4, '4', 247, 2);
INSERT INTO public.driver_standings_2024 VALUES (385, 19, 'sainz', 5, '5', 215, 1);
INSERT INTO public.driver_standings_2024 VALUES (386, 19, 'hamilton', 6, '6', 177, 2);
INSERT INTO public.driver_standings_2024 VALUES (387, 19, 'russell', 7, '7', 167, 1);
INSERT INTO public.driver_standings_2024 VALUES (388, 19, 'perez', 8, '8', 150, 0);
INSERT INTO public.driver_standings_2024 VALUES (389, 19, 'alonso', 9, '9', 62, 0);
INSERT INTO public.driver_standings_2024 VALUES (390, 19, 'hulkenberg', 10, '10', 29, 0);
INSERT INTO public.driver_standings_2024 VALUES (391, 19, 'stroll', 11, '11', 24, 0);
INSERT INTO public.driver_standings_2024 VALUES (392, 19, 'tsunoda', 12, '12', 22, 0);
INSERT INTO public.driver_standings_2024 VALUES (393, 19, 'albon', 13, '13', 12, 0);
INSERT INTO public.driver_standings_2024 VALUES (394, 19, 'ricciardo', 14, '14', 12, 0);
INSERT INTO public.driver_standings_2024 VALUES (395, 19, 'kevin_magnussen', 15, '15', 8, 0);
INSERT INTO public.driver_standings_2024 VALUES (396, 19, 'gasly', 16, '16', 8, 0);
INSERT INTO public.driver_standings_2024 VALUES (397, 19, 'bearman', 17, '17', 7, 0);
INSERT INTO public.driver_standings_2024 VALUES (398, 19, 'colapinto', 18, '18', 5, 0);
INSERT INTO public.driver_standings_2024 VALUES (399, 19, 'ocon', 19, '19', 5, 0);
INSERT INTO public.driver_standings_2024 VALUES (400, 19, 'lawson', 20, '20', 2, 0);
INSERT INTO public.driver_standings_2024 VALUES (401, 19, 'zhou', 21, '21', 0, 0);
INSERT INTO public.driver_standings_2024 VALUES (402, 19, 'sargeant', 22, '22', 0, 0);
INSERT INTO public.driver_standings_2024 VALUES (403, 19, 'bottas', 23, '23', 0, 0);
INSERT INTO public.driver_standings_2024 VALUES (404, 20, 'max_verstappen', 1, '1', 362, 7);
INSERT INTO public.driver_standings_2024 VALUES (405, 20, 'norris', 2, '2', 315, 3);
INSERT INTO public.driver_standings_2024 VALUES (406, 20, 'leclerc', 3, '3', 291, 3);
INSERT INTO public.driver_standings_2024 VALUES (407, 20, 'piastri', 4, '4', 251, 2);
INSERT INTO public.driver_standings_2024 VALUES (408, 20, 'sainz', 5, '5', 240, 2);
INSERT INTO public.driver_standings_2024 VALUES (409, 20, 'hamilton', 6, '6', 189, 2);
INSERT INTO public.driver_standings_2024 VALUES (410, 20, 'russell', 7, '7', 177, 1);
INSERT INTO public.driver_standings_2024 VALUES (411, 20, 'perez', 8, '8', 150, 0);
INSERT INTO public.driver_standings_2024 VALUES (412, 20, 'alonso', 9, '9', 62, 0);
INSERT INTO public.driver_standings_2024 VALUES (413, 20, 'hulkenberg', 10, '10', 31, 0);
INSERT INTO public.driver_standings_2024 VALUES (414, 20, 'stroll', 11, '11', 24, 0);
INSERT INTO public.driver_standings_2024 VALUES (415, 20, 'tsunoda', 12, '12', 22, 0);
INSERT INTO public.driver_standings_2024 VALUES (416, 20, 'kevin_magnussen', 13, '13', 14, 0);
INSERT INTO public.driver_standings_2024 VALUES (417, 20, 'albon', 14, '14', 12, 0);
INSERT INTO public.driver_standings_2024 VALUES (418, 20, 'ricciardo', 15, '15', 12, 0);
INSERT INTO public.driver_standings_2024 VALUES (419, 20, 'gasly', 16, '16', 9, 0);
INSERT INTO public.driver_standings_2024 VALUES (420, 20, 'bearman', 17, '17', 7, 0);
INSERT INTO public.driver_standings_2024 VALUES (421, 20, 'colapinto', 18, '18', 5, 0);
INSERT INTO public.driver_standings_2024 VALUES (422, 20, 'ocon', 19, '19', 5, 0);
INSERT INTO public.driver_standings_2024 VALUES (423, 20, 'lawson', 20, '20', 2, 0);
INSERT INTO public.driver_standings_2024 VALUES (424, 20, 'zhou', 21, '21', 0, 0);
INSERT INTO public.driver_standings_2024 VALUES (425, 20, 'sargeant', 22, '22', 0, 0);
INSERT INTO public.driver_standings_2024 VALUES (426, 20, 'bottas', 23, '23', 0, 0);
INSERT INTO public.driver_standings_2024 VALUES (427, 21, 'max_verstappen', 1, '1', 393, 8);
INSERT INTO public.driver_standings_2024 VALUES (428, 21, 'norris', 2, '2', 331, 3);
INSERT INTO public.driver_standings_2024 VALUES (429, 21, 'leclerc', 3, '3', 307, 3);
INSERT INTO public.driver_standings_2024 VALUES (430, 21, 'piastri', 4, '4', 262, 2);
INSERT INTO public.driver_standings_2024 VALUES (431, 21, 'sainz', 5, '5', 244, 2);
INSERT INTO public.driver_standings_2024 VALUES (432, 21, 'russell', 6, '6', 192, 1);
INSERT INTO public.driver_standings_2024 VALUES (433, 21, 'hamilton', 7, '7', 190, 2);
INSERT INTO public.driver_standings_2024 VALUES (434, 21, 'perez', 8, '8', 151, 0);
INSERT INTO public.driver_standings_2024 VALUES (435, 21, 'alonso', 9, '9', 62, 0);
INSERT INTO public.driver_standings_2024 VALUES (436, 21, 'hulkenberg', 10, '10', 31, 0);
INSERT INTO public.driver_standings_2024 VALUES (437, 21, 'tsunoda', 11, '11', 28, 0);
INSERT INTO public.driver_standings_2024 VALUES (438, 21, 'gasly', 12, '12', 26, 0);
INSERT INTO public.driver_standings_2024 VALUES (439, 21, 'stroll', 13, '13', 24, 0);
INSERT INTO public.driver_standings_2024 VALUES (440, 21, 'ocon', 14, '14', 23, 0);
INSERT INTO public.driver_standings_2024 VALUES (441, 21, 'kevin_magnussen', 15, '15', 14, 0);
INSERT INTO public.driver_standings_2024 VALUES (442, 21, 'albon', 16, '16', 12, 0);
INSERT INTO public.driver_standings_2024 VALUES (443, 21, 'ricciardo', 17, '17', 12, 0);
INSERT INTO public.driver_standings_2024 VALUES (444, 21, 'bearman', 18, '18', 7, 0);
INSERT INTO public.driver_standings_2024 VALUES (445, 21, 'colapinto', 19, '19', 5, 0);
INSERT INTO public.driver_standings_2024 VALUES (446, 21, 'lawson', 20, '20', 4, 0);
INSERT INTO public.driver_standings_2024 VALUES (447, 21, 'zhou', 21, '21', 0, 0);
INSERT INTO public.driver_standings_2024 VALUES (448, 21, 'sargeant', 22, '22', 0, 0);
INSERT INTO public.driver_standings_2024 VALUES (449, 21, 'bottas', 23, '23', 0, 0);
INSERT INTO public.driver_standings_2024 VALUES (450, 22, 'max_verstappen', 1, '1', 403, 8);
INSERT INTO public.driver_standings_2024 VALUES (451, 22, 'norris', 2, '2', 340, 3);
INSERT INTO public.driver_standings_2024 VALUES (452, 22, 'leclerc', 3, '3', 319, 3);
INSERT INTO public.driver_standings_2024 VALUES (453, 22, 'piastri', 4, '4', 268, 2);
INSERT INTO public.driver_standings_2024 VALUES (454, 22, 'sainz', 5, '5', 259, 2);
INSERT INTO public.driver_standings_2024 VALUES (455, 22, 'russell', 6, '6', 217, 2);
INSERT INTO public.driver_standings_2024 VALUES (456, 22, 'hamilton', 7, '7', 208, 2);
INSERT INTO public.driver_standings_2024 VALUES (457, 22, 'perez', 8, '8', 152, 0);
INSERT INTO public.driver_standings_2024 VALUES (458, 22, 'alonso', 9, '9', 62, 0);
INSERT INTO public.driver_standings_2024 VALUES (459, 22, 'hulkenberg', 10, '10', 35, 0);
INSERT INTO public.driver_standings_2024 VALUES (460, 22, 'tsunoda', 11, '11', 30, 0);
INSERT INTO public.driver_standings_2024 VALUES (461, 22, 'gasly', 12, '12', 26, 0);
INSERT INTO public.driver_standings_2024 VALUES (462, 22, 'stroll', 13, '13', 24, 0);
INSERT INTO public.driver_standings_2024 VALUES (463, 22, 'ocon', 14, '14', 23, 0);
INSERT INTO public.driver_standings_2024 VALUES (464, 22, 'kevin_magnussen', 15, '15', 14, 0);
INSERT INTO public.driver_standings_2024 VALUES (465, 22, 'albon', 16, '16', 12, 0);
INSERT INTO public.driver_standings_2024 VALUES (466, 22, 'ricciardo', 17, '17', 12, 0);
INSERT INTO public.driver_standings_2024 VALUES (467, 22, 'bearman', 18, '18', 7, 0);
INSERT INTO public.driver_standings_2024 VALUES (468, 22, 'colapinto', 19, '19', 5, 0);
INSERT INTO public.driver_standings_2024 VALUES (469, 22, 'lawson', 20, '20', 4, 0);
INSERT INTO public.driver_standings_2024 VALUES (470, 22, 'zhou', 21, '21', 0, 0);
INSERT INTO public.driver_standings_2024 VALUES (471, 22, 'sargeant', 22, '22', 0, 0);
INSERT INTO public.driver_standings_2024 VALUES (472, 22, 'bottas', 23, '23', 0, 0);
INSERT INTO public.driver_standings_2024 VALUES (473, 23, 'max_verstappen', 1, '1', 429, 9);
INSERT INTO public.driver_standings_2024 VALUES (474, 23, 'norris', 2, '2', 349, 3);
INSERT INTO public.driver_standings_2024 VALUES (475, 23, 'leclerc', 3, '3', 341, 3);
INSERT INTO public.driver_standings_2024 VALUES (476, 23, 'piastri', 4, '4', 291, 2);
INSERT INTO public.driver_standings_2024 VALUES (477, 23, 'sainz', 5, '5', 272, 2);
INSERT INTO public.driver_standings_2024 VALUES (478, 23, 'russell', 6, '6', 235, 2);
INSERT INTO public.driver_standings_2024 VALUES (479, 23, 'hamilton', 7, '7', 211, 2);
INSERT INTO public.driver_standings_2024 VALUES (480, 23, 'perez', 8, '8', 152, 0);
INSERT INTO public.driver_standings_2024 VALUES (481, 23, 'alonso', 9, '9', 68, 0);
INSERT INTO public.driver_standings_2024 VALUES (482, 23, 'hulkenberg', 10, '10', 37, 0);
INSERT INTO public.driver_standings_2024 VALUES (483, 23, 'gasly', 11, '11', 36, 0);
INSERT INTO public.driver_standings_2024 VALUES (484, 23, 'tsunoda', 12, '12', 30, 0);
INSERT INTO public.driver_standings_2024 VALUES (485, 23, 'stroll', 13, '13', 24, 0);
INSERT INTO public.driver_standings_2024 VALUES (486, 23, 'ocon', 14, '14', 23, 0);
INSERT INTO public.driver_standings_2024 VALUES (487, 23, 'kevin_magnussen', 15, '15', 16, 0);
INSERT INTO public.driver_standings_2024 VALUES (488, 23, 'albon', 16, '16', 12, 0);
INSERT INTO public.driver_standings_2024 VALUES (489, 23, 'ricciardo', 17, '17', 12, 0);
INSERT INTO public.driver_standings_2024 VALUES (490, 23, 'bearman', 18, '18', 7, 0);
INSERT INTO public.driver_standings_2024 VALUES (491, 23, 'colapinto', 19, '19', 5, 0);
INSERT INTO public.driver_standings_2024 VALUES (492, 23, 'zhou', 20, '20', 4, 0);
INSERT INTO public.driver_standings_2024 VALUES (493, 23, 'lawson', 21, '21', 4, 0);
INSERT INTO public.driver_standings_2024 VALUES (494, 23, 'bottas', 22, '22', 0, 0);
INSERT INTO public.driver_standings_2024 VALUES (495, 23, 'sargeant', 23, '23', 0, 0);
INSERT INTO public.driver_standings_2024 VALUES (496, 24, 'max_verstappen', 1, '1', 437, 9);
INSERT INTO public.driver_standings_2024 VALUES (497, 24, 'norris', 2, '2', 374, 4);
INSERT INTO public.driver_standings_2024 VALUES (498, 24, 'leclerc', 3, '3', 356, 3);
INSERT INTO public.driver_standings_2024 VALUES (499, 24, 'piastri', 4, '4', 292, 2);
INSERT INTO public.driver_standings_2024 VALUES (500, 24, 'sainz', 5, '5', 290, 2);
INSERT INTO public.driver_standings_2024 VALUES (501, 24, 'russell', 6, '6', 245, 2);
INSERT INTO public.driver_standings_2024 VALUES (502, 24, 'hamilton', 7, '7', 223, 2);
INSERT INTO public.driver_standings_2024 VALUES (503, 24, 'perez', 8, '8', 152, 0);
INSERT INTO public.driver_standings_2024 VALUES (504, 24, 'alonso', 9, '9', 70, 0);
INSERT INTO public.driver_standings_2024 VALUES (505, 24, 'gasly', 10, '10', 42, 0);
INSERT INTO public.driver_standings_2024 VALUES (506, 24, 'hulkenberg', 11, '11', 41, 0);
INSERT INTO public.driver_standings_2024 VALUES (507, 24, 'tsunoda', 12, '12', 30, 0);
INSERT INTO public.driver_standings_2024 VALUES (508, 24, 'stroll', 13, '13', 24, 0);
INSERT INTO public.driver_standings_2024 VALUES (509, 24, 'ocon', 14, '14', 23, 0);
INSERT INTO public.driver_standings_2024 VALUES (510, 24, 'kevin_magnussen', 15, '15', 16, 0);
INSERT INTO public.driver_standings_2024 VALUES (511, 24, 'albon', 16, '16', 12, 0);
INSERT INTO public.driver_standings_2024 VALUES (512, 24, 'ricciardo', 17, '17', 12, 0);
INSERT INTO public.driver_standings_2024 VALUES (513, 24, 'bearman', 18, '18', 7, 0);
INSERT INTO public.driver_standings_2024 VALUES (514, 24, 'colapinto', 19, '19', 5, 0);
INSERT INTO public.driver_standings_2024 VALUES (515, 24, 'zhou', 20, '20', 4, 0);
INSERT INTO public.driver_standings_2024 VALUES (516, 24, 'lawson', 21, '21', 4, 0);
INSERT INTO public.driver_standings_2024 VALUES (517, 24, 'bottas', 22, '22', 0, 0);
INSERT INTO public.driver_standings_2024 VALUES (518, 24, 'sargeant', 23, '23', 0, 0);
INSERT INTO public.driver_standings_2024 VALUES (519, 24, 'doohan', 24, '24', 0, 0);


--
-- Data for Name: qualifying_results_2024; Type: TABLE DATA; Schema: public; Owner: alexf1
--

INSERT INTO public.qualifying_results_2024 VALUES (1, 1, 'max_verstappen', 'red_bull', 1, 1, '1:30.031', '1:29.374', '1:29.179');
INSERT INTO public.qualifying_results_2024 VALUES (2, 1, 'leclerc', 'ferrari', 16, 2, '1:30.243', '1:29.165', '1:29.407');
INSERT INTO public.qualifying_results_2024 VALUES (3, 1, 'russell', 'mercedes', 63, 3, '1:30.350', '1:29.922', '1:29.485');
INSERT INTO public.qualifying_results_2024 VALUES (4, 1, 'sainz', 'ferrari', 55, 4, '1:29.909', '1:29.573', '1:29.507');
INSERT INTO public.qualifying_results_2024 VALUES (5, 1, 'perez', 'red_bull', 11, 5, '1:30.221', '1:29.932', '1:29.537');
INSERT INTO public.qualifying_results_2024 VALUES (6, 1, 'alonso', 'aston_martin', 14, 6, '1:30.179', '1:29.801', '1:29.542');
INSERT INTO public.qualifying_results_2024 VALUES (7, 1, 'norris', 'mclaren', 4, 7, '1:30.143', '1:29.941', '1:29.614');
INSERT INTO public.qualifying_results_2024 VALUES (8, 1, 'piastri', 'mclaren', 81, 8, '1:30.531', '1:30.122', '1:29.683');
INSERT INTO public.qualifying_results_2024 VALUES (9, 1, 'hamilton', 'mercedes', 44, 9, '1:30.451', '1:29.718', '1:29.710');
INSERT INTO public.qualifying_results_2024 VALUES (10, 1, 'hulkenberg', 'haas', 27, 10, '1:30.566', '1:29.851', '1:30.502');
INSERT INTO public.qualifying_results_2024 VALUES (11, 1, 'tsunoda', 'rb', 22, 11, '1:30.481', '1:30.129', NULL);
INSERT INTO public.qualifying_results_2024 VALUES (12, 1, 'stroll', 'aston_martin', 18, 12, '1:29.965', '1:30.200', NULL);
INSERT INTO public.qualifying_results_2024 VALUES (13, 1, 'albon', 'williams', 23, 13, '1:30.397', '1:30.221', NULL);
INSERT INTO public.qualifying_results_2024 VALUES (14, 1, 'ricciardo', 'rb', 3, 14, '1:30.562', '1:30.278', NULL);
INSERT INTO public.qualifying_results_2024 VALUES (15, 1, 'kevin_magnussen', 'haas', 20, 15, '1:30.646', '1:30.529', NULL);
INSERT INTO public.qualifying_results_2024 VALUES (16, 1, 'bottas', 'sauber', 77, 16, '1:30.756', NULL, NULL);
INSERT INTO public.qualifying_results_2024 VALUES (17, 1, 'zhou', 'sauber', 24, 17, '1:30.757', NULL, NULL);
INSERT INTO public.qualifying_results_2024 VALUES (18, 1, 'sargeant', 'williams', 2, 18, '1:30.770', NULL, NULL);
INSERT INTO public.qualifying_results_2024 VALUES (19, 1, 'ocon', 'alpine', 31, 19, '1:30.793', NULL, NULL);
INSERT INTO public.qualifying_results_2024 VALUES (20, 1, 'gasly', 'alpine', 10, 20, '1:30.948', NULL, NULL);
INSERT INTO public.qualifying_results_2024 VALUES (21, 2, 'max_verstappen', 'red_bull', 1, 1, '1:28.171', '1:28.033', '1:27.472');
INSERT INTO public.qualifying_results_2024 VALUES (22, 2, 'leclerc', 'ferrari', 16, 2, '1:28.318', '1:28.112', '1:27.791');
INSERT INTO public.qualifying_results_2024 VALUES (23, 2, 'perez', 'red_bull', 11, 3, '1:28.638', '1:28.467', '1:27.807');
INSERT INTO public.qualifying_results_2024 VALUES (24, 2, 'alonso', 'aston_martin', 14, 4, '1:28.706', '1:28.122', '1:27.846');
INSERT INTO public.qualifying_results_2024 VALUES (25, 2, 'piastri', 'mclaren', 81, 5, '1:28.755', '1:28.343', '1:28.089');
INSERT INTO public.qualifying_results_2024 VALUES (26, 2, 'norris', 'mclaren', 4, 6, '1:28.805', '1:28.479', '1:28.132');
INSERT INTO public.qualifying_results_2024 VALUES (27, 2, 'russell', 'mercedes', 63, 7, '1:28.749', '1:28.448', '1:28.316');
INSERT INTO public.qualifying_results_2024 VALUES (28, 2, 'hamilton', 'mercedes', 44, 8, '1:28.994', '1:28.606', '1:28.460');
INSERT INTO public.qualifying_results_2024 VALUES (29, 2, 'tsunoda', 'rb', 22, 9, '1:28.988', '1:28.564', '1:28.547');
INSERT INTO public.qualifying_results_2024 VALUES (30, 2, 'stroll', 'aston_martin', 18, 10, '1:28.250', '1:28.578', '1:28.572');
INSERT INTO public.qualifying_results_2024 VALUES (31, 2, 'bearman', 'ferrari', 38, 11, '1:28.984', '1:28.642', NULL);
INSERT INTO public.qualifying_results_2024 VALUES (32, 2, 'albon', 'williams', 23, 12, '1:29.107', '1:28.980', NULL);
INSERT INTO public.qualifying_results_2024 VALUES (33, 2, 'kevin_magnussen', 'haas', 20, 13, '1:29.069', '1:29.020', NULL);
INSERT INTO public.qualifying_results_2024 VALUES (34, 2, 'ricciardo', 'rb', 3, 14, '1:29.065', '1:29.025', NULL);
INSERT INTO public.qualifying_results_2024 VALUES (35, 2, 'hulkenberg', 'haas', 27, 15, '1:29.055', NULL, NULL);
INSERT INTO public.qualifying_results_2024 VALUES (36, 2, 'bottas', 'sauber', 77, 16, '1:29.179', NULL, NULL);
INSERT INTO public.qualifying_results_2024 VALUES (37, 2, 'ocon', 'alpine', 31, 17, '1:29.475', NULL, NULL);
INSERT INTO public.qualifying_results_2024 VALUES (38, 2, 'gasly', 'alpine', 10, 18, '1:29.479', NULL, NULL);
INSERT INTO public.qualifying_results_2024 VALUES (39, 2, 'sargeant', 'williams', 2, 19, '1:29.526', NULL, NULL);
INSERT INTO public.qualifying_results_2024 VALUES (40, 2, 'zhou', 'sauber', 24, 20, NULL, NULL, NULL);
INSERT INTO public.qualifying_results_2024 VALUES (41, 3, 'max_verstappen', 'red_bull', 1, 1, '1:16.819', '1:16.387', '1:15.915');
INSERT INTO public.qualifying_results_2024 VALUES (42, 3, 'sainz', 'ferrari', 55, 2, '1:16.731', '1:16.189', '1:16.185');
INSERT INTO public.qualifying_results_2024 VALUES (43, 3, 'perez', 'red_bull', 11, 3, '1:16.805', '1:16.631', '1:16.274');
INSERT INTO public.qualifying_results_2024 VALUES (44, 3, 'norris', 'mclaren', 4, 4, '1:17.430', '1:16.750', '1:16.315');
INSERT INTO public.qualifying_results_2024 VALUES (45, 3, 'leclerc', 'ferrari', 16, 5, '1:16.984', '1:16.304', '1:16.435');
INSERT INTO public.qualifying_results_2024 VALUES (46, 3, 'piastri', 'mclaren', 81, 6, '1:17.369', '1:16.601', '1:16.572');
INSERT INTO public.qualifying_results_2024 VALUES (47, 3, 'russell', 'mercedes', 63, 7, '1:17.062', '1:16.901', '1:16.724');
INSERT INTO public.qualifying_results_2024 VALUES (48, 3, 'tsunoda', 'rb', 22, 8, '1:17.356', '1:16.791', '1:16.788');
INSERT INTO public.qualifying_results_2024 VALUES (49, 3, 'stroll', 'aston_martin', 18, 9, '1:17.376', '1:16.780', '1:17.072');
INSERT INTO public.qualifying_results_2024 VALUES (50, 3, 'alonso', 'aston_martin', 14, 10, '1:16.991', '1:16.710', '1:17.552');
INSERT INTO public.qualifying_results_2024 VALUES (51, 3, 'hamilton', 'mercedes', 44, 11, '1:17.499', '1:16.960', NULL);
INSERT INTO public.qualifying_results_2024 VALUES (52, 3, 'albon', 'williams', 23, 12, '1:17.130', '1:17.167', NULL);
INSERT INTO public.qualifying_results_2024 VALUES (53, 3, 'bottas', 'sauber', 77, 13, '1:17.543', '1:17.340', NULL);
INSERT INTO public.qualifying_results_2024 VALUES (54, 3, 'kevin_magnussen', 'haas', 20, 14, '1:17.709', '1:17.427', NULL);
INSERT INTO public.qualifying_results_2024 VALUES (55, 3, 'ocon', 'alpine', 31, 15, '1:17.617', '1:17.697', NULL);
INSERT INTO public.qualifying_results_2024 VALUES (56, 3, 'hulkenberg', 'haas', 27, 16, '1:17.976', NULL, NULL);
INSERT INTO public.qualifying_results_2024 VALUES (57, 3, 'gasly', 'alpine', 10, 17, '1:17.982', NULL, NULL);
INSERT INTO public.qualifying_results_2024 VALUES (58, 3, 'ricciardo', 'rb', 3, 18, '1:18.085', NULL, NULL);
INSERT INTO public.qualifying_results_2024 VALUES (59, 3, 'zhou', 'sauber', 24, 19, '1:18.188', NULL, NULL);
INSERT INTO public.qualifying_results_2024 VALUES (60, 4, 'max_verstappen', 'red_bull', 1, 1, '1:28.866', '1:28.740', '1:28.197');
INSERT INTO public.qualifying_results_2024 VALUES (61, 4, 'perez', 'red_bull', 11, 2, '1:29.303', '1:28.752', '1:28.263');
INSERT INTO public.qualifying_results_2024 VALUES (62, 4, 'norris', 'mclaren', 4, 3, '1:29.536', '1:28.940', '1:28.489');
INSERT INTO public.qualifying_results_2024 VALUES (63, 4, 'sainz', 'ferrari', 55, 4, '1:29.513', '1:29.099', '1:28.682');
INSERT INTO public.qualifying_results_2024 VALUES (64, 4, 'alonso', 'aston_martin', 14, 5, '1:29.254', '1:29.082', '1:28.686');
INSERT INTO public.qualifying_results_2024 VALUES (65, 4, 'piastri', 'mclaren', 81, 6, '1:29.425', '1:29.148', '1:28.760');
INSERT INTO public.qualifying_results_2024 VALUES (66, 4, 'hamilton', 'mercedes', 44, 7, '1:29.661', '1:28.887', '1:28.766');
INSERT INTO public.qualifying_results_2024 VALUES (67, 4, 'leclerc', 'ferrari', 16, 8, '1:29.338', '1:29.196', '1:28.786');
INSERT INTO public.qualifying_results_2024 VALUES (68, 4, 'russell', 'mercedes', 63, 9, '1:29.799', '1:29.140', '1:29.008');
INSERT INTO public.qualifying_results_2024 VALUES (69, 4, 'tsunoda', 'rb', 22, 10, '1:29.775', '1:29.417', '1:29.413');
INSERT INTO public.qualifying_results_2024 VALUES (70, 4, 'ricciardo', 'rb', 3, 11, '1:29.727', '1:29.472', NULL);
INSERT INTO public.qualifying_results_2024 VALUES (71, 4, 'hulkenberg', 'haas', 27, 12, '1:29.821', '1:29.494', NULL);
INSERT INTO public.qualifying_results_2024 VALUES (72, 4, 'bottas', 'sauber', 77, 13, '1:29.602', '1:29.593', NULL);
INSERT INTO public.qualifying_results_2024 VALUES (73, 4, 'albon', 'williams', 23, 14, '1:29.963', '1:29.714', NULL);
INSERT INTO public.qualifying_results_2024 VALUES (74, 4, 'ocon', 'alpine', 31, 15, '1:29.811', '1:29.816', NULL);
INSERT INTO public.qualifying_results_2024 VALUES (75, 4, 'stroll', 'aston_martin', 18, 16, '1:30.024', NULL, NULL);
INSERT INTO public.qualifying_results_2024 VALUES (76, 4, 'gasly', 'alpine', 10, 17, '1:30.119', NULL, NULL);
INSERT INTO public.qualifying_results_2024 VALUES (77, 4, 'kevin_magnussen', 'haas', 20, 18, '1:30.131', NULL, NULL);
INSERT INTO public.qualifying_results_2024 VALUES (78, 4, 'sargeant', 'williams', 2, 19, '1:30.139', NULL, NULL);
INSERT INTO public.qualifying_results_2024 VALUES (79, 4, 'zhou', 'sauber', 24, 20, '1:30.143', NULL, NULL);
INSERT INTO public.qualifying_results_2024 VALUES (80, 5, 'max_verstappen', 'red_bull', 1, 1, '1:34.742', '1:33.794', '1:33.660');
INSERT INTO public.qualifying_results_2024 VALUES (81, 5, 'perez', 'red_bull', 11, 2, '1:35.457', '1:34.026', '1:33.982');
INSERT INTO public.qualifying_results_2024 VALUES (82, 5, 'alonso', 'aston_martin', 14, 3, '1:35.116', '1:34.652', '1:34.148');
INSERT INTO public.qualifying_results_2024 VALUES (83, 5, 'norris', 'mclaren', 4, 4, '1:34.842', '1:34.460', '1:34.165');
INSERT INTO public.qualifying_results_2024 VALUES (84, 5, 'piastri', 'mclaren', 81, 5, '1:35.014', '1:34.659', '1:34.273');
INSERT INTO public.qualifying_results_2024 VALUES (85, 5, 'leclerc', 'ferrari', 16, 6, '1:34.797', '1:34.399', '1:34.289');
INSERT INTO public.qualifying_results_2024 VALUES (86, 5, 'sainz', 'ferrari', 55, 7, '1:34.970', '1:34.368', '1:34.297');
INSERT INTO public.qualifying_results_2024 VALUES (87, 5, 'russell', 'mercedes', 63, 8, '1:35.084', '1:34.609', '1:34.433');
INSERT INTO public.qualifying_results_2024 VALUES (88, 5, 'hulkenberg', 'haas', 27, 9, '1:35.068', '1:34.667', '1:34.604');
INSERT INTO public.qualifying_results_2024 VALUES (89, 5, 'bottas', 'sauber', 77, 10, '1:35.169', '1:34.769', '1:34.665');
INSERT INTO public.qualifying_results_2024 VALUES (90, 5, 'stroll', 'aston_martin', 18, 11, '1:35.334', '1:34.838', NULL);
INSERT INTO public.qualifying_results_2024 VALUES (91, 5, 'ricciardo', 'rb', 3, 12, '1:35.443', '1:34.934', NULL);
INSERT INTO public.qualifying_results_2024 VALUES (92, 5, 'ocon', 'alpine', 31, 13, '1:35.356', '1:35.223', NULL);
INSERT INTO public.qualifying_results_2024 VALUES (93, 5, 'albon', 'williams', 23, 14, '1:35.384', '1:35.241', NULL);
INSERT INTO public.qualifying_results_2024 VALUES (94, 5, 'gasly', 'alpine', 10, 15, '1:35.287', '1:35.463', NULL);
INSERT INTO public.qualifying_results_2024 VALUES (95, 5, 'zhou', 'sauber', 24, 16, '1:35.505', NULL, NULL);
INSERT INTO public.qualifying_results_2024 VALUES (96, 5, 'kevin_magnussen', 'haas', 20, 17, '1:35.516', NULL, NULL);
INSERT INTO public.qualifying_results_2024 VALUES (97, 5, 'hamilton', 'mercedes', 44, 18, '1:35.573', NULL, NULL);
INSERT INTO public.qualifying_results_2024 VALUES (98, 5, 'tsunoda', 'rb', 22, 19, '1:35.746', NULL, NULL);
INSERT INTO public.qualifying_results_2024 VALUES (99, 5, 'sargeant', 'williams', 2, 20, '1:36.358', NULL, NULL);
INSERT INTO public.qualifying_results_2024 VALUES (100, 6, 'max_verstappen', 'red_bull', 1, 1, '1:27.689', '1:27.566', '1:27.241');
INSERT INTO public.qualifying_results_2024 VALUES (101, 6, 'leclerc', 'ferrari', 16, 2, '1:28.081', '1:27.533', '1:27.382');
INSERT INTO public.qualifying_results_2024 VALUES (102, 6, 'sainz', 'ferrari', 55, 3, '1:27.937', '1:27.941', '1:27.455');
INSERT INTO public.qualifying_results_2024 VALUES (103, 6, 'perez', 'red_bull', 11, 4, '1:27.772', '1:27.839', '1:27.460');
INSERT INTO public.qualifying_results_2024 VALUES (104, 6, 'norris', 'mclaren', 4, 5, '1:27.913', '1:27.871', '1:27.594');
INSERT INTO public.qualifying_results_2024 VALUES (105, 6, 'piastri', 'mclaren', 81, 6, '1:28.032', '1:27.721', '1:27.675');
INSERT INTO public.qualifying_results_2024 VALUES (106, 6, 'russell', 'mercedes', 63, 7, '1:28.159', '1:28.095', '1:28.067');
INSERT INTO public.qualifying_results_2024 VALUES (107, 6, 'hamilton', 'mercedes', 44, 8, '1:28.167', '1:27.697', '1:28.107');
INSERT INTO public.qualifying_results_2024 VALUES (108, 6, 'hulkenberg', 'haas', 27, 9, '1:28.383', '1:28.200', '1:28.146');
INSERT INTO public.qualifying_results_2024 VALUES (109, 6, 'tsunoda', 'rb', 22, 10, '1:28.324', '1:28.167', '1:28.192');
INSERT INTO public.qualifying_results_2024 VALUES (110, 6, 'stroll', 'aston_martin', 18, 11, '1:28.177', '1:28.222', NULL);
INSERT INTO public.qualifying_results_2024 VALUES (111, 6, 'gasly', 'alpine', 10, 12, '1:27.976', '1:28.324', NULL);
INSERT INTO public.qualifying_results_2024 VALUES (112, 6, 'ocon', 'alpine', 31, 13, '1:28.209', '1:28.371', NULL);
INSERT INTO public.qualifying_results_2024 VALUES (113, 6, 'albon', 'williams', 23, 14, '1:28.343', '1:28.413', NULL);
INSERT INTO public.qualifying_results_2024 VALUES (114, 6, 'alonso', 'aston_martin', 14, 15, '1:28.453', '1:28.427', NULL);
INSERT INTO public.qualifying_results_2024 VALUES (115, 6, 'bottas', 'sauber', 77, 16, '1:28.463', NULL, NULL);
INSERT INTO public.qualifying_results_2024 VALUES (116, 6, 'sargeant', 'williams', 2, 17, '1:28.487', NULL, NULL);
INSERT INTO public.qualifying_results_2024 VALUES (117, 6, 'ricciardo', 'rb', 3, 18, '1:28.617', NULL, NULL);
INSERT INTO public.qualifying_results_2024 VALUES (118, 6, 'kevin_magnussen', 'haas', 20, 19, '1:28.619', NULL, NULL);
INSERT INTO public.qualifying_results_2024 VALUES (119, 6, 'zhou', 'sauber', 24, 20, '1:28.824', NULL, NULL);
INSERT INTO public.qualifying_results_2024 VALUES (120, 7, 'max_verstappen', 'red_bull', 1, 1, '1:15.762', '1:15.176', '1:14.746');
INSERT INTO public.qualifying_results_2024 VALUES (121, 7, 'piastri', 'mclaren', 81, 2, '1:15.940', '1:15.407', '1:14.820');
INSERT INTO public.qualifying_results_2024 VALUES (122, 7, 'norris', 'mclaren', 4, 3, '1:15.915', '1:15.371', '1:14.837');
INSERT INTO public.qualifying_results_2024 VALUES (123, 7, 'leclerc', 'ferrari', 16, 4, '1:15.823', '1:15.328', '1:14.970');
INSERT INTO public.qualifying_results_2024 VALUES (124, 7, 'sainz', 'ferrari', 55, 5, '1:16.015', '1:15.512', '1:15.233');
INSERT INTO public.qualifying_results_2024 VALUES (125, 7, 'russell', 'mercedes', 63, 6, '1:16.107', '1:15.671', '1:15.234');
INSERT INTO public.qualifying_results_2024 VALUES (126, 7, 'tsunoda', 'rb', 22, 7, '1:15.894', '1:15.358', '1:15.465');
INSERT INTO public.qualifying_results_2024 VALUES (127, 7, 'hamilton', 'mercedes', 44, 8, '1:16.604', '1:15.677', '1:15.504');
INSERT INTO public.qualifying_results_2024 VALUES (128, 7, 'ricciardo', 'rb', 3, 9, '1:16.060', '1:15.691', '1:15.674');
INSERT INTO public.qualifying_results_2024 VALUES (129, 7, 'hulkenberg', 'haas', 27, 10, '1:15.841', '1:15.569', '1:15.980');
INSERT INTO public.qualifying_results_2024 VALUES (130, 7, 'perez', 'red_bull', 11, 11, '1:16.404', '1:15.706', NULL);
INSERT INTO public.qualifying_results_2024 VALUES (131, 7, 'ocon', 'alpine', 31, 12, '1:16.361', '1:15.906', NULL);
INSERT INTO public.qualifying_results_2024 VALUES (132, 7, 'stroll', 'aston_martin', 18, 13, '1:16.458', '1:15.992', NULL);
INSERT INTO public.qualifying_results_2024 VALUES (133, 7, 'albon', 'williams', 23, 14, '1:16.524', '1:16.200', NULL);
INSERT INTO public.qualifying_results_2024 VALUES (134, 7, 'gasly', 'alpine', 10, 15, '1:16.015', '1:16.381', NULL);
INSERT INTO public.qualifying_results_2024 VALUES (135, 7, 'bottas', 'sauber', 77, 16, '1:16.626', NULL, NULL);
INSERT INTO public.qualifying_results_2024 VALUES (136, 7, 'zhou', 'sauber', 24, 17, '1:16.834', NULL, NULL);
INSERT INTO public.qualifying_results_2024 VALUES (137, 7, 'kevin_magnussen', 'haas', 20, 18, '1:16.854', NULL, NULL);
INSERT INTO public.qualifying_results_2024 VALUES (138, 7, 'alonso', 'aston_martin', 14, 19, '1:16.917', NULL, NULL);
INSERT INTO public.qualifying_results_2024 VALUES (139, 7, 'sargeant', 'williams', 2, 20, NULL, NULL, NULL);
INSERT INTO public.qualifying_results_2024 VALUES (140, 8, 'leclerc', 'ferrari', 16, 1, '1:11.584', '1:10.825', '1:10.270');
INSERT INTO public.qualifying_results_2024 VALUES (141, 8, 'piastri', 'mclaren', 81, 2, '1:11.500', '1:10.756', '1:10.424');
INSERT INTO public.qualifying_results_2024 VALUES (142, 8, 'sainz', 'ferrari', 55, 3, '1:11.543', '1:11.075', '1:10.518');
INSERT INTO public.qualifying_results_2024 VALUES (143, 8, 'norris', 'mclaren', 4, 4, '1:11.760', '1:10.732', '1:10.542');
INSERT INTO public.qualifying_results_2024 VALUES (144, 8, 'russell', 'mercedes', 63, 5, '1:11.492', '1:10.929', '1:10.543');
INSERT INTO public.qualifying_results_2024 VALUES (145, 8, 'max_verstappen', 'red_bull', 1, 6, '1:11.711', '1:10.745', '1:10.567');
INSERT INTO public.qualifying_results_2024 VALUES (146, 8, 'hamilton', 'mercedes', 44, 7, '1:11.528', '1:11.056', '1:10.621');
INSERT INTO public.qualifying_results_2024 VALUES (147, 8, 'tsunoda', 'rb', 22, 8, '1:11.852', '1:11.106', '1:10.858');
INSERT INTO public.qualifying_results_2024 VALUES (148, 8, 'albon', 'williams', 23, 9, '1:11.623', '1:11.216', '1:10.948');
INSERT INTO public.qualifying_results_2024 VALUES (149, 8, 'gasly', 'alpine', 10, 10, '1:11.714', '1:10.896', '1:11.311');
INSERT INTO public.qualifying_results_2024 VALUES (150, 8, 'ocon', 'alpine', 31, 11, '1:11.887', '1:11.285', NULL);
INSERT INTO public.qualifying_results_2024 VALUES (151, 8, 'ricciardo', 'rb', 3, 12, '1:11.785', '1:11.482', NULL);
INSERT INTO public.qualifying_results_2024 VALUES (152, 8, 'stroll', 'aston_martin', 18, 13, '1:11.728', '1:11.563', NULL);
INSERT INTO public.qualifying_results_2024 VALUES (153, 8, 'alonso', 'aston_martin', 14, 14, '1:12.019', NULL, NULL);
INSERT INTO public.qualifying_results_2024 VALUES (154, 8, 'hulkenberg', 'haas', 27, 14, '1:11.876', '1:11.440', NULL);
INSERT INTO public.qualifying_results_2024 VALUES (155, 8, 'sargeant', 'williams', 2, 15, '1:12.020', NULL, NULL);
INSERT INTO public.qualifying_results_2024 VALUES (156, 8, 'kevin_magnussen', 'haas', 20, 15, '1:11.832', '1:11.725', NULL);
INSERT INTO public.qualifying_results_2024 VALUES (157, 8, 'perez', 'red_bull', 11, 16, '1:12.060', NULL, NULL);
INSERT INTO public.qualifying_results_2024 VALUES (158, 8, 'bottas', 'sauber', 77, 17, '1:12.512', NULL, NULL);
INSERT INTO public.qualifying_results_2024 VALUES (159, 8, 'zhou', 'sauber', 24, 18, '1:13.028', NULL, NULL);
INSERT INTO public.qualifying_results_2024 VALUES (160, 9, 'russell', 'mercedes', 63, 1, '1:13.013', '1:11.742', '1:12.000');
INSERT INTO public.qualifying_results_2024 VALUES (161, 9, 'max_verstappen', 'red_bull', 1, 2, '1:12.360', '1:12.549', '1:12.000');
INSERT INTO public.qualifying_results_2024 VALUES (162, 9, 'norris', 'mclaren', 4, 3, '1:12.959', '1:12.201', '1:12.021');
INSERT INTO public.qualifying_results_2024 VALUES (163, 9, 'piastri', 'mclaren', 81, 4, '1:12.907', '1:12.462', '1:12.103');
INSERT INTO public.qualifying_results_2024 VALUES (164, 9, 'ricciardo', 'rb', 3, 5, '1:13.240', '1:12.572', '1:12.178');
INSERT INTO public.qualifying_results_2024 VALUES (165, 9, 'alonso', 'aston_martin', 14, 6, '1:13.117', '1:12.635', '1:12.228');
INSERT INTO public.qualifying_results_2024 VALUES (166, 9, 'hamilton', 'mercedes', 44, 7, '1:12.851', '1:11.979', '1:12.280');
INSERT INTO public.qualifying_results_2024 VALUES (167, 9, 'tsunoda', 'rb', 22, 8, '1:12.748', '1:12.303', '1:12.414');
INSERT INTO public.qualifying_results_2024 VALUES (168, 9, 'stroll', 'aston_martin', 18, 9, '1:13.088', '1:12.659', '1:12.701');
INSERT INTO public.qualifying_results_2024 VALUES (169, 9, 'albon', 'williams', 23, 10, '1:12.896', '1:12.485', '1:12.796');
INSERT INTO public.qualifying_results_2024 VALUES (170, 9, 'leclerc', 'ferrari', 16, 11, '1:13.107', '1:12.691', NULL);
INSERT INTO public.qualifying_results_2024 VALUES (171, 9, 'sainz', 'ferrari', 55, 12, '1:13.038', '1:12.728', NULL);
INSERT INTO public.qualifying_results_2024 VALUES (172, 9, 'sargeant', 'williams', 2, 13, '1:13.063', '1:12.736', NULL);
INSERT INTO public.qualifying_results_2024 VALUES (173, 9, 'kevin_magnussen', 'haas', 20, 14, '1:13.217', '1:12.916', NULL);
INSERT INTO public.qualifying_results_2024 VALUES (174, 9, 'gasly', 'alpine', 10, 15, '1:13.289', '1:12.940', NULL);
INSERT INTO public.qualifying_results_2024 VALUES (175, 9, 'perez', 'red_bull', 11, 16, '1:13.326', NULL, NULL);
INSERT INTO public.qualifying_results_2024 VALUES (176, 9, 'bottas', 'sauber', 77, 17, '1:13.366', NULL, NULL);
INSERT INTO public.qualifying_results_2024 VALUES (177, 9, 'ocon', 'alpine', 31, 18, '1:13.435', NULL, NULL);
INSERT INTO public.qualifying_results_2024 VALUES (178, 9, 'hulkenberg', 'haas', 27, 19, '1:13.978', NULL, NULL);
INSERT INTO public.qualifying_results_2024 VALUES (179, 9, 'zhou', 'sauber', 24, 20, '1:14.292', NULL, NULL);
INSERT INTO public.qualifying_results_2024 VALUES (180, 10, 'norris', 'mclaren', 4, 1, '1:12.386', '1:11.872', '1:11.383');
INSERT INTO public.qualifying_results_2024 VALUES (181, 10, 'max_verstappen', 'red_bull', 1, 2, '1:12.306', '1:11.653', '1:11.403');
INSERT INTO public.qualifying_results_2024 VALUES (182, 10, 'hamilton', 'mercedes', 44, 3, '1:12.143', '1:11.792', '1:11.701');
INSERT INTO public.qualifying_results_2024 VALUES (183, 10, 'russell', 'mercedes', 63, 4, '1:12.456', '1:11.812', '1:11.703');
INSERT INTO public.qualifying_results_2024 VALUES (184, 10, 'leclerc', 'ferrari', 16, 5, '1:12.257', '1:12.038', '1:11.731');
INSERT INTO public.qualifying_results_2024 VALUES (185, 10, 'sainz', 'ferrari', 55, 6, '1:12.403', '1:11.874', '1:11.736');
INSERT INTO public.qualifying_results_2024 VALUES (186, 10, 'gasly', 'alpine', 10, 7, '1:12.651', '1:12.079', '1:11.857');
INSERT INTO public.qualifying_results_2024 VALUES (187, 10, 'perez', 'red_bull', 11, 8, '1:12.477', '1:12.054', '1:12.061');
INSERT INTO public.qualifying_results_2024 VALUES (188, 10, 'ocon', 'alpine', 31, 9, '1:12.691', '1:12.109', '1:12.125');
INSERT INTO public.qualifying_results_2024 VALUES (189, 10, 'piastri', 'mclaren', 81, 10, '1:12.460', '1:12.011', NULL);
INSERT INTO public.qualifying_results_2024 VALUES (190, 10, 'alonso', 'aston_martin', 14, 11, '1:12.505', '1:12.128', NULL);
INSERT INTO public.qualifying_results_2024 VALUES (191, 10, 'bottas', 'sauber', 77, 12, '1:12.758', '1:12.227', NULL);
INSERT INTO public.qualifying_results_2024 VALUES (192, 10, 'hulkenberg', 'haas', 27, 13, '1:12.708', '1:12.310', NULL);
INSERT INTO public.qualifying_results_2024 VALUES (193, 10, 'stroll', 'aston_martin', 18, 14, '1:12.881', '1:12.372', NULL);
INSERT INTO public.qualifying_results_2024 VALUES (194, 10, 'zhou', 'sauber', 24, 15, '1:12.880', '1:12.738', NULL);
INSERT INTO public.qualifying_results_2024 VALUES (195, 10, 'kevin_magnussen', 'haas', 20, 16, '1:12.937', NULL, NULL);
INSERT INTO public.qualifying_results_2024 VALUES (196, 10, 'tsunoda', 'rb', 22, 17, '1:12.985', NULL, NULL);
INSERT INTO public.qualifying_results_2024 VALUES (197, 10, 'ricciardo', 'rb', 3, 18, '1:13.075', NULL, NULL);
INSERT INTO public.qualifying_results_2024 VALUES (198, 10, 'albon', 'williams', 23, 19, '1:13.153', NULL, NULL);
INSERT INTO public.qualifying_results_2024 VALUES (199, 10, 'sargeant', 'williams', 2, 20, '1:13.509', NULL, NULL);
INSERT INTO public.qualifying_results_2024 VALUES (200, 11, 'max_verstappen', 'red_bull', 1, 1, '1:05.336', '1:04.469', '1:04.314');
INSERT INTO public.qualifying_results_2024 VALUES (201, 11, 'norris', 'mclaren', 4, 2, '1:05.450', '1:05.103', '1:04.718');
INSERT INTO public.qualifying_results_2024 VALUES (202, 11, 'russell', 'mercedes', 63, 3, '1:05.585', '1:05.016', '1:04.840');
INSERT INTO public.qualifying_results_2024 VALUES (203, 11, 'sainz', 'ferrari', 55, 4, '1:05.263', '1:05.016', '1:04.851');
INSERT INTO public.qualifying_results_2024 VALUES (204, 11, 'hamilton', 'mercedes', 44, 5, '1:05.541', '1:05.053', '1:04.903');
INSERT INTO public.qualifying_results_2024 VALUES (205, 11, 'leclerc', 'ferrari', 16, 6, '1:05.509', '1:05.104', '1:05.044');
INSERT INTO public.qualifying_results_2024 VALUES (206, 11, 'piastri', 'mclaren', 81, 7, '1:05.311', '1:05.070', '1:05.048');
INSERT INTO public.qualifying_results_2024 VALUES (207, 11, 'perez', 'red_bull', 11, 8, '1:05.587', '1:05.144', '1:05.202');
INSERT INTO public.qualifying_results_2024 VALUES (208, 11, 'hulkenberg', 'haas', 27, 9, '1:05.596', '1:05.262', '1:05.385');
INSERT INTO public.qualifying_results_2024 VALUES (209, 11, 'ocon', 'alpine', 31, 10, '1:05.574', '1:05.274', '1:05.883');
INSERT INTO public.qualifying_results_2024 VALUES (210, 11, 'ricciardo', 'rb', 3, 11, '1:05.569', '1:05.289', NULL);
INSERT INTO public.qualifying_results_2024 VALUES (211, 11, 'kevin_magnussen', 'haas', 20, 12, '1:05.508', '1:05.347', NULL);
INSERT INTO public.qualifying_results_2024 VALUES (212, 11, 'gasly', 'alpine', 10, 13, '1:05.598', '1:05.359', NULL);
INSERT INTO public.qualifying_results_2024 VALUES (213, 11, 'tsunoda', 'rb', 22, 14, '1:05.563', '1:05.412', NULL);
INSERT INTO public.qualifying_results_2024 VALUES (214, 11, 'alonso', 'aston_martin', 14, 15, '1:05.656', '1:05.639', NULL);
INSERT INTO public.qualifying_results_2024 VALUES (215, 11, 'albon', 'williams', 23, 16, '1:05.736', NULL, NULL);
INSERT INTO public.qualifying_results_2024 VALUES (216, 11, 'stroll', 'aston_martin', 18, 17, '1:05.819', NULL, NULL);
INSERT INTO public.qualifying_results_2024 VALUES (217, 11, 'bottas', 'sauber', 77, 18, '1:05.847', NULL, NULL);
INSERT INTO public.qualifying_results_2024 VALUES (218, 11, 'sargeant', 'williams', 2, 19, '1:05.856', NULL, NULL);
INSERT INTO public.qualifying_results_2024 VALUES (219, 11, 'zhou', 'sauber', 24, 20, '1:06.061', NULL, NULL);
INSERT INTO public.qualifying_results_2024 VALUES (220, 12, 'russell', 'mercedes', 63, 1, '1:30.106', '1:26.723', '1:25.819');
INSERT INTO public.qualifying_results_2024 VALUES (221, 12, 'hamilton', 'mercedes', 44, 2, '1:29.547', '1:26.770', '1:25.990');
INSERT INTO public.qualifying_results_2024 VALUES (222, 12, 'norris', 'mclaren', 4, 3, '1:31.596', '1:26.559', '1:26.030');
INSERT INTO public.qualifying_results_2024 VALUES (223, 12, 'max_verstappen', 'red_bull', 1, 4, '1:31.342', '1:26.796', '1:26.203');
INSERT INTO public.qualifying_results_2024 VALUES (224, 12, 'piastri', 'mclaren', 81, 5, '1:30.895', '1:26.733', '1:26.237');
INSERT INTO public.qualifying_results_2024 VALUES (225, 12, 'hulkenberg', 'haas', 27, 6, '1:31.929', '1:26.847', '1:26.338');
INSERT INTO public.qualifying_results_2024 VALUES (226, 12, 'sainz', 'ferrari', 55, 7, '1:30.557', '1:26.843', '1:26.509');
INSERT INTO public.qualifying_results_2024 VALUES (227, 12, 'stroll', 'aston_martin', 18, 8, '1:31.410', '1:26.938', '1:26.585');
INSERT INTO public.qualifying_results_2024 VALUES (228, 12, 'albon', 'williams', 23, 9, '1:31.135', '1:26.933', '1:26.640');
INSERT INTO public.qualifying_results_2024 VALUES (229, 12, 'alonso', 'aston_martin', 14, 10, '1:31.264', '1:26.730', '1:26.917');
INSERT INTO public.qualifying_results_2024 VALUES (230, 12, 'leclerc', 'ferrari', 16, 11, '1:30.496', '1:27.097', NULL);
INSERT INTO public.qualifying_results_2024 VALUES (231, 12, 'sargeant', 'williams', 2, 12, '1:31.608', '1:27.175', NULL);
INSERT INTO public.qualifying_results_2024 VALUES (232, 12, 'tsunoda', 'rb', 22, 13, '1:30.994', '1:27.269', NULL);
INSERT INTO public.qualifying_results_2024 VALUES (233, 12, 'zhou', 'sauber', 24, 14, '1:31.190', '1:27.867', NULL);
INSERT INTO public.qualifying_results_2024 VALUES (234, 12, 'ricciardo', 'rb', 3, 15, '1:31.291', '1:27.949', NULL);
INSERT INTO public.qualifying_results_2024 VALUES (235, 12, 'bottas', 'sauber', 77, 16, '1:32.431', NULL, NULL);
INSERT INTO public.qualifying_results_2024 VALUES (236, 12, 'kevin_magnussen', 'haas', 20, 17, '1:32.905', NULL, NULL);
INSERT INTO public.qualifying_results_2024 VALUES (237, 12, 'ocon', 'alpine', 31, 18, '1:34.557', NULL, NULL);
INSERT INTO public.qualifying_results_2024 VALUES (238, 12, 'perez', 'red_bull', 11, 19, '1:38.348', NULL, NULL);
INSERT INTO public.qualifying_results_2024 VALUES (239, 12, 'gasly', 'alpine', 10, 20, '1:39.804', NULL, NULL);
INSERT INTO public.qualifying_results_2024 VALUES (240, 13, 'norris', 'mclaren', 4, 1, '1:17.755', '1:15.540', '1:15.227');
INSERT INTO public.qualifying_results_2024 VALUES (241, 13, 'piastri', 'mclaren', 81, 2, '1:17.504', '1:15.785', '1:15.249');
INSERT INTO public.qualifying_results_2024 VALUES (242, 13, 'max_verstappen', 'red_bull', 1, 3, '1:17.087', '1:15.770', '1:15.273');
INSERT INTO public.qualifying_results_2024 VALUES (243, 13, 'sainz', 'ferrari', 55, 4, '1:17.244', '1:15.885', '1:15.696');
INSERT INTO public.qualifying_results_2024 VALUES (244, 13, 'hamilton', 'mercedes', 44, 5, '1:17.087', '1:16.307', '1:15.854');
INSERT INTO public.qualifying_results_2024 VALUES (245, 13, 'leclerc', 'ferrari', 16, 6, '1:17.437', '1:15.891', '1:15.905');
INSERT INTO public.qualifying_results_2024 VALUES (246, 13, 'alonso', 'aston_martin', 14, 7, '1:17.624', '1:16.117', '1:16.043');
INSERT INTO public.qualifying_results_2024 VALUES (247, 13, 'stroll', 'aston_martin', 18, 8, '1:17.405', '1:16.075', '1:16.244');
INSERT INTO public.qualifying_results_2024 VALUES (248, 13, 'ricciardo', 'rb', 3, 9, '1:17.050', '1:16.202', '1:16.447');
INSERT INTO public.qualifying_results_2024 VALUES (249, 13, 'tsunoda', 'rb', 22, 10, '1:17.436', '1:16.121', '1:16.477');
INSERT INTO public.qualifying_results_2024 VALUES (250, 13, 'hulkenberg', 'haas', 27, 11, '1:17.362', '1:16.317', NULL);
INSERT INTO public.qualifying_results_2024 VALUES (251, 13, 'bottas', 'sauber', 77, 12, '1:17.487', '1:16.384', NULL);
INSERT INTO public.qualifying_results_2024 VALUES (252, 13, 'albon', 'williams', 23, 13, '1:17.280', '1:16.429', NULL);
INSERT INTO public.qualifying_results_2024 VALUES (253, 13, 'sargeant', 'williams', 2, 14, '1:17.770', '1:16.543', NULL);
INSERT INTO public.qualifying_results_2024 VALUES (254, 13, 'kevin_magnussen', 'haas', 20, 15, '1:17.851', '1:16.548', NULL);
INSERT INTO public.qualifying_results_2024 VALUES (255, 13, 'perez', 'red_bull', 11, 16, '1:17.886', NULL, NULL);
INSERT INTO public.qualifying_results_2024 VALUES (256, 13, 'russell', 'mercedes', 63, 17, '1:17.968', NULL, NULL);
INSERT INTO public.qualifying_results_2024 VALUES (257, 13, 'zhou', 'sauber', 24, 18, '1:18.037', NULL, NULL);
INSERT INTO public.qualifying_results_2024 VALUES (258, 13, 'ocon', 'alpine', 31, 19, '1:18.049', NULL, NULL);
INSERT INTO public.qualifying_results_2024 VALUES (259, 13, 'gasly', 'alpine', 10, 20, '1:18.166', NULL, NULL);
INSERT INTO public.qualifying_results_2024 VALUES (260, 14, 'max_verstappen', 'red_bull', 1, 1, '1:54.938', '1:53.837', '1:53.159');
INSERT INTO public.qualifying_results_2024 VALUES (261, 14, 'leclerc', 'ferrari', 16, 2, '1:55.349', '1:54.193', '1:53.754');
INSERT INTO public.qualifying_results_2024 VALUES (262, 14, 'perez', 'red_bull', 11, 3, '1:55.139', '1:54.470', '1:53.765');
INSERT INTO public.qualifying_results_2024 VALUES (263, 14, 'hamilton', 'mercedes', 44, 4, '1:55.692', '1:54.037', '1:53.835');
INSERT INTO public.qualifying_results_2024 VALUES (264, 14, 'norris', 'mclaren', 4, 5, '1:55.582', '1:54.358', '1:53.981');
INSERT INTO public.qualifying_results_2024 VALUES (265, 14, 'piastri', 'mclaren', 81, 6, '1:54.835', '1:54.136', '1:54.027');
INSERT INTO public.qualifying_results_2024 VALUES (266, 14, 'russell', 'mercedes', 63, 7, '1:55.353', '1:54.095', '1:54.184');
INSERT INTO public.qualifying_results_2024 VALUES (267, 14, 'sainz', 'ferrari', 55, 8, '1:55.169', '1:54.112', '1:54.477');
INSERT INTO public.qualifying_results_2024 VALUES (268, 14, 'alonso', 'aston_martin', 14, 9, '1:55.489', '1:54.258', '1:54.765');
INSERT INTO public.qualifying_results_2024 VALUES (269, 14, 'ocon', 'alpine', 31, 10, '1:55.417', '1:54.460', '1:54.810');
INSERT INTO public.qualifying_results_2024 VALUES (270, 14, 'albon', 'williams', 23, 11, '1:55.722', '1:54.473', NULL);
INSERT INTO public.qualifying_results_2024 VALUES (271, 14, 'gasly', 'alpine', 10, 12, '1:54.911', '1:54.635', NULL);
INSERT INTO public.qualifying_results_2024 VALUES (272, 14, 'ricciardo', 'rb', 3, 13, '1:55.451', '1:54.682', NULL);
INSERT INTO public.qualifying_results_2024 VALUES (273, 14, 'bottas', 'sauber', 77, 14, '1:55.531', '1:54.764', NULL);
INSERT INTO public.qualifying_results_2024 VALUES (274, 14, 'stroll', 'aston_martin', 18, 15, '1:56.072', '1:55.716', NULL);
INSERT INTO public.qualifying_results_2024 VALUES (275, 14, 'hulkenberg', 'haas', 27, 16, '1:56.308', NULL, NULL);
INSERT INTO public.qualifying_results_2024 VALUES (276, 14, 'kevin_magnussen', 'haas', 20, 17, '1:56.500', NULL, NULL);
INSERT INTO public.qualifying_results_2024 VALUES (277, 14, 'tsunoda', 'rb', 22, 18, '1:56.593', NULL, NULL);
INSERT INTO public.qualifying_results_2024 VALUES (278, 14, 'sargeant', 'williams', 2, 19, '1:57.230', NULL, NULL);
INSERT INTO public.qualifying_results_2024 VALUES (279, 14, 'zhou', 'sauber', 24, 20, '1:57.775', NULL, NULL);
INSERT INTO public.qualifying_results_2024 VALUES (280, 15, 'norris', 'mclaren', 4, 1, '1:11.377', '1:10.496', '1:09.673');
INSERT INTO public.qualifying_results_2024 VALUES (281, 15, 'max_verstappen', 'red_bull', 1, 2, '1:11.393', '1:10.811', '1:10.029');
INSERT INTO public.qualifying_results_2024 VALUES (282, 15, 'piastri', 'mclaren', 81, 3, '1:11.541', '1:10.505', '1:10.172');
INSERT INTO public.qualifying_results_2024 VALUES (283, 15, 'russell', 'mercedes', 63, 4, '1:11.049', '1:10.552', '1:10.244');
INSERT INTO public.qualifying_results_2024 VALUES (284, 15, 'perez', 'red_bull', 11, 5, '1:11.006', '1:10.678', '1:10.416');
INSERT INTO public.qualifying_results_2024 VALUES (285, 15, 'leclerc', 'ferrari', 16, 6, '1:11.370', '1:10.689', '1:10.582');
INSERT INTO public.qualifying_results_2024 VALUES (286, 15, 'alonso', 'aston_martin', 14, 7, '1:11.493', '1:10.845', '1:10.633');
INSERT INTO public.qualifying_results_2024 VALUES (287, 15, 'stroll', 'aston_martin', 18, 8, '1:11.518', '1:10.661', '1:10.857');
INSERT INTO public.qualifying_results_2024 VALUES (288, 15, 'gasly', 'alpine', 10, 9, '1:11.718', '1:10.815', '1:10.977');
INSERT INTO public.qualifying_results_2024 VALUES (289, 15, 'sainz', 'ferrari', 55, 10, '1:11.327', '1:10.914', NULL);
INSERT INTO public.qualifying_results_2024 VALUES (290, 15, 'albon', 'williams', 23, 10, NULL, '1:10.768', '1:10.653');
INSERT INTO public.qualifying_results_2024 VALUES (291, 15, 'hamilton', 'mercedes', 44, 11, '1:11.375', '1:10.948', NULL);
INSERT INTO public.qualifying_results_2024 VALUES (292, 15, 'tsunoda', 'rb', 22, 12, '1:11.603', '1:10.955', NULL);
INSERT INTO public.qualifying_results_2024 VALUES (293, 15, 'hulkenberg', 'haas', 27, 13, '1:11.832', '1:11.215', NULL);
INSERT INTO public.qualifying_results_2024 VALUES (294, 15, 'kevin_magnussen', 'haas', 20, 14, '1:11.630', '1:11.295', NULL);
INSERT INTO public.qualifying_results_2024 VALUES (295, 15, 'ricciardo', 'rb', 3, 15, '1:11.943', NULL, NULL);
INSERT INTO public.qualifying_results_2024 VALUES (296, 15, 'ocon', 'alpine', 31, 16, '1:11.995', NULL, NULL);
INSERT INTO public.qualifying_results_2024 VALUES (297, 15, 'bottas', 'sauber', 77, 17, '1:12.168', NULL, NULL);
INSERT INTO public.qualifying_results_2024 VALUES (298, 15, 'zhou', 'sauber', 24, 18, '1:13.261', NULL, NULL);
INSERT INTO public.qualifying_results_2024 VALUES (299, 15, 'sargeant', 'williams', 2, 20, NULL, NULL, NULL);
INSERT INTO public.qualifying_results_2024 VALUES (300, 16, 'norris', 'mclaren', 4, 1, '1:19.911', '1:19.727', '1:19.327');
INSERT INTO public.qualifying_results_2024 VALUES (301, 16, 'piastri', 'mclaren', 81, 2, '1:20.076', '1:19.808', '1:19.436');
INSERT INTO public.qualifying_results_2024 VALUES (302, 16, 'russell', 'mercedes', 63, 3, '1:20.169', '1:19.877', '1:19.440');
INSERT INTO public.qualifying_results_2024 VALUES (303, 16, 'leclerc', 'ferrari', 16, 4, '1:20.074', '1:20.007', '1:19.461');
INSERT INTO public.qualifying_results_2024 VALUES (304, 16, 'sainz', 'ferrari', 55, 5, '1:20.149', '1:19.799', '1:19.467');
INSERT INTO public.qualifying_results_2024 VALUES (305, 16, 'hamilton', 'mercedes', 44, 6, '1:20.477', '1:19.641', '1:19.513');
INSERT INTO public.qualifying_results_2024 VALUES (306, 16, 'max_verstappen', 'red_bull', 1, 7, '1:20.226', '1:19.662', '1:20.022');
INSERT INTO public.qualifying_results_2024 VALUES (307, 16, 'perez', 'red_bull', 11, 8, '1:20.598', '1:20.216', '1:20.062');
INSERT INTO public.qualifying_results_2024 VALUES (308, 16, 'albon', 'williams', 23, 9, '1:20.542', '1:20.314', '1:20.299');
INSERT INTO public.qualifying_results_2024 VALUES (309, 16, 'hulkenberg', 'haas', 27, 10, '1:20.781', '1:20.411', '1:20.339');
INSERT INTO public.qualifying_results_2024 VALUES (310, 16, 'alonso', 'aston_martin', 14, 11, '1:20.617', '1:20.421', NULL);
INSERT INTO public.qualifying_results_2024 VALUES (311, 16, 'ricciardo', 'rb', 3, 12, '1:20.901', '1:20.479', NULL);
INSERT INTO public.qualifying_results_2024 VALUES (312, 16, 'kevin_magnussen', 'haas', 20, 13, '1:20.856', '1:20.698', NULL);
INSERT INTO public.qualifying_results_2024 VALUES (313, 16, 'gasly', 'alpine', 10, 14, '1:20.748', '1:20.738', NULL);
INSERT INTO public.qualifying_results_2024 VALUES (314, 16, 'ocon', 'alpine', 31, 15, '1:20.764', '1:20.766', NULL);
INSERT INTO public.qualifying_results_2024 VALUES (315, 16, 'tsunoda', 'rb', 22, 16, '1:20.945', NULL, NULL);
INSERT INTO public.qualifying_results_2024 VALUES (316, 16, 'stroll', 'aston_martin', 18, 17, '1:21.013', NULL, NULL);
INSERT INTO public.qualifying_results_2024 VALUES (317, 16, 'colapinto', 'williams', 43, 18, '1:21.061', NULL, NULL);
INSERT INTO public.qualifying_results_2024 VALUES (318, 16, 'bottas', 'sauber', 77, 19, '1:21.101', NULL, NULL);
INSERT INTO public.qualifying_results_2024 VALUES (319, 16, 'zhou', 'sauber', 24, 20, '1:21.445', NULL, NULL);
INSERT INTO public.qualifying_results_2024 VALUES (320, 17, 'leclerc', 'ferrari', 16, 1, '1:42.775', '1:42.056', '1:41.365');
INSERT INTO public.qualifying_results_2024 VALUES (321, 17, 'piastri', 'mclaren', 81, 2, '1:43.033', '1:42.598', '1:41.686');
INSERT INTO public.qualifying_results_2024 VALUES (322, 17, 'sainz', 'ferrari', 55, 3, '1:43.357', '1:42.503', '1:41.805');
INSERT INTO public.qualifying_results_2024 VALUES (323, 17, 'perez', 'red_bull', 11, 4, '1:43.213', '1:42.263', '1:41.813');
INSERT INTO public.qualifying_results_2024 VALUES (324, 17, 'russell', 'mercedes', 63, 5, '1:43.139', '1:42.329', '1:41.874');
INSERT INTO public.qualifying_results_2024 VALUES (325, 17, 'max_verstappen', 'red_bull', 1, 6, '1:43.097', '1:42.042', '1:42.023');
INSERT INTO public.qualifying_results_2024 VALUES (326, 17, 'hamilton', 'mercedes', 44, 7, '1:43.089', '1:42.765', '1:42.289');
INSERT INTO public.qualifying_results_2024 VALUES (327, 17, 'alonso', 'aston_martin', 14, 8, '1:43.472', '1:42.426', '1:42.369');
INSERT INTO public.qualifying_results_2024 VALUES (328, 17, 'colapinto', 'williams', 43, 9, '1:43.138', '1:42.473', '1:42.530');
INSERT INTO public.qualifying_results_2024 VALUES (329, 17, 'albon', 'williams', 23, 10, '1:42.899', '1:42.840', '1:42.859');
INSERT INTO public.qualifying_results_2024 VALUES (330, 17, 'bearman', 'haas', 50, 11, '1:43.471', '1:42.968', NULL);
INSERT INTO public.qualifying_results_2024 VALUES (331, 17, 'tsunoda', 'rb', 22, 12, '1:43.337', '1:43.035', NULL);
INSERT INTO public.qualifying_results_2024 VALUES (332, 17, 'hulkenberg', 'haas', 27, 13, '1:43.101', '1:43.191', NULL);
INSERT INTO public.qualifying_results_2024 VALUES (333, 17, 'stroll', 'aston_martin', 18, 14, '1:43.370', '1:43.404', NULL);
INSERT INTO public.qualifying_results_2024 VALUES (334, 17, 'gasly', 'alpine', 10, 15, NULL, '1:43.179', NULL);
INSERT INTO public.qualifying_results_2024 VALUES (335, 17, 'ricciardo', 'rb', 3, 15, '1:43.547', NULL, NULL);
INSERT INTO public.qualifying_results_2024 VALUES (336, 17, 'norris', 'mclaren', 4, 16, '1:43.609', NULL, NULL);
INSERT INTO public.qualifying_results_2024 VALUES (337, 17, 'bottas', 'sauber', 77, 17, '1:43.618', NULL, NULL);
INSERT INTO public.qualifying_results_2024 VALUES (338, 17, 'zhou', 'sauber', 24, 18, '1:44.246', NULL, NULL);
INSERT INTO public.qualifying_results_2024 VALUES (339, 17, 'ocon', 'alpine', 31, 19, '1:44.504', NULL, NULL);
INSERT INTO public.qualifying_results_2024 VALUES (340, 18, 'norris', 'mclaren', 4, 1, '1:30.002', '1:30.007', '1:29.525');
INSERT INTO public.qualifying_results_2024 VALUES (341, 18, 'max_verstappen', 'red_bull', 1, 2, '1:30.157', '1:29.680', '1:29.728');
INSERT INTO public.qualifying_results_2024 VALUES (342, 18, 'hamilton', 'mercedes', 44, 3, '1:30.393', '1:29.929', '1:29.841');
INSERT INTO public.qualifying_results_2024 VALUES (343, 18, 'russell', 'mercedes', 63, 4, '1:30.811', '1:30.153', '1:29.867');
INSERT INTO public.qualifying_results_2024 VALUES (344, 18, 'piastri', 'mclaren', 81, 5, '1:30.258', '1:29.640', '1:29.953');
INSERT INTO public.qualifying_results_2024 VALUES (345, 18, 'hulkenberg', 'haas', 27, 6, '1:30.724', '1:30.150', '1:30.115');
INSERT INTO public.qualifying_results_2024 VALUES (346, 18, 'alonso', 'aston_martin', 14, 7, '1:30.684', '1:30.450', '1:30.214');
INSERT INTO public.qualifying_results_2024 VALUES (347, 18, 'tsunoda', 'rb', 22, 8, '1:30.716', '1:30.289', '1:30.354');
INSERT INTO public.qualifying_results_2024 VALUES (348, 18, 'leclerc', 'ferrari', 16, 9, '1:30.786', '1:29.747', NULL);
INSERT INTO public.qualifying_results_2024 VALUES (349, 18, 'sainz', 'ferrari', 55, 10, '1:30.670', '1:30.108', NULL);
INSERT INTO public.qualifying_results_2024 VALUES (350, 18, 'albon', 'williams', 23, 11, '1:30.679', '1:30.474', NULL);
INSERT INTO public.qualifying_results_2024 VALUES (351, 18, 'colapinto', 'williams', 43, 12, '1:30.704', '1:30.481', NULL);
INSERT INTO public.qualifying_results_2024 VALUES (352, 18, 'perez', 'red_bull', 11, 13, '1:30.624', '1:30.579', NULL);
INSERT INTO public.qualifying_results_2024 VALUES (353, 18, 'kevin_magnussen', 'haas', 20, 14, '1:30.829', '1:30.653', NULL);
INSERT INTO public.qualifying_results_2024 VALUES (354, 18, 'ocon', 'alpine', 31, 15, '1:30.958', '1:30.769', NULL);
INSERT INTO public.qualifying_results_2024 VALUES (355, 18, 'ricciardo', 'rb', 3, 16, '1:31.085', NULL, NULL);
INSERT INTO public.qualifying_results_2024 VALUES (356, 18, 'stroll', 'aston_martin', 18, 17, '1:31.094', NULL, NULL);
INSERT INTO public.qualifying_results_2024 VALUES (357, 18, 'gasly', 'alpine', 10, 18, '1:31.312', NULL, NULL);
INSERT INTO public.qualifying_results_2024 VALUES (358, 18, 'bottas', 'sauber', 77, 19, '1:31.572', NULL, NULL);
INSERT INTO public.qualifying_results_2024 VALUES (359, 18, 'zhou', 'sauber', 24, 20, '1:32.054', NULL, NULL);
INSERT INTO public.qualifying_results_2024 VALUES (360, 19, 'norris', 'mclaren', 4, 1, '1:33.616', '1:32.851', '1:32.330');
INSERT INTO public.qualifying_results_2024 VALUES (361, 19, 'max_verstappen', 'red_bull', 1, 2, '1:33.046', '1:32.584', '1:32.361');
INSERT INTO public.qualifying_results_2024 VALUES (362, 19, 'sainz', 'ferrari', 55, 3, '1:33.556', '1:32.836', '1:32.652');
INSERT INTO public.qualifying_results_2024 VALUES (363, 19, 'leclerc', 'ferrari', 16, 4, '1:33.241', '1:32.962', '1:32.740');
INSERT INTO public.qualifying_results_2024 VALUES (364, 19, 'piastri', 'mclaren', 81, 5, '1:33.864', '1:33.057', '1:32.950');
INSERT INTO public.qualifying_results_2024 VALUES (365, 19, 'russell', 'mercedes', 63, 6, '1:33.536', '1:33.142', '1:32.974');
INSERT INTO public.qualifying_results_2024 VALUES (366, 19, 'gasly', 'alpine', 10, 7, '1:33.550', '1:33.162', '1:33.018');
INSERT INTO public.qualifying_results_2024 VALUES (367, 19, 'alonso', 'aston_martin', 14, 8, '1:33.973', '1:33.429', '1:33.309');
INSERT INTO public.qualifying_results_2024 VALUES (368, 19, 'kevin_magnussen', 'haas', 20, 9, '1:33.564', '1:33.474', '1:33.481');
INSERT INTO public.qualifying_results_2024 VALUES (369, 19, 'perez', 'red_bull', 11, 10, '1:33.611', '1:33.020', NULL);
INSERT INTO public.qualifying_results_2024 VALUES (370, 19, 'tsunoda', 'rb', 22, 11, '1:33.795', '1:33.506', NULL);
INSERT INTO public.qualifying_results_2024 VALUES (371, 19, 'hulkenberg', 'haas', 27, 12, '1:33.601', '1:33.544', NULL);
INSERT INTO public.qualifying_results_2024 VALUES (372, 19, 'ocon', 'alpine', 31, 13, '1:33.986', '1:33.597', NULL);
INSERT INTO public.qualifying_results_2024 VALUES (373, 19, 'stroll', 'aston_martin', 18, 14, '1:34.033', '1:33.759', NULL);
INSERT INTO public.qualifying_results_2024 VALUES (374, 19, 'lawson', 'rb', 30, 15, '1:33.339', NULL, NULL);
INSERT INTO public.qualifying_results_2024 VALUES (375, 19, 'albon', 'williams', 23, 16, '1:34.051', NULL, NULL);
INSERT INTO public.qualifying_results_2024 VALUES (376, 19, 'colapinto', 'williams', 43, 17, '1:34.062', NULL, NULL);
INSERT INTO public.qualifying_results_2024 VALUES (377, 19, 'bottas', 'sauber', 77, 18, '1:34.152', NULL, NULL);
INSERT INTO public.qualifying_results_2024 VALUES (378, 19, 'hamilton', 'mercedes', 44, 19, '1:34.154', NULL, NULL);
INSERT INTO public.qualifying_results_2024 VALUES (379, 19, 'zhou', 'sauber', 24, 20, '1:34.228', NULL, NULL);
INSERT INTO public.qualifying_results_2024 VALUES (380, 20, 'sainz', 'ferrari', 55, 1, '1:16.778', '1:16.515', '1:15.946');
INSERT INTO public.qualifying_results_2024 VALUES (381, 20, 'max_verstappen', 'red_bull', 1, 2, '1:16.803', '1:16.514', '1:16.171');
INSERT INTO public.qualifying_results_2024 VALUES (382, 20, 'norris', 'mclaren', 4, 3, '1:16.505', '1:16.301', '1:16.260');
INSERT INTO public.qualifying_results_2024 VALUES (383, 20, 'leclerc', 'ferrari', 16, 4, '1:16.972', '1:16.641', '1:16.265');
INSERT INTO public.qualifying_results_2024 VALUES (384, 20, 'russell', 'mercedes', 63, 5, '1:17.194', '1:16.937', '1:16.356');
INSERT INTO public.qualifying_results_2024 VALUES (385, 20, 'hamilton', 'mercedes', 44, 6, '1:17.306', '1:16.973', '1:16.651');
INSERT INTO public.qualifying_results_2024 VALUES (386, 20, 'kevin_magnussen', 'haas', 20, 7, '1:17.125', '1:17.003', '1:16.886');
INSERT INTO public.qualifying_results_2024 VALUES (387, 20, 'gasly', 'alpine', 10, 8, '1:17.149', '1:17.048', '1:16.892');
INSERT INTO public.qualifying_results_2024 VALUES (388, 20, 'albon', 'williams', 23, 9, '1:17.189', '1:16.988', '1:17.065');
INSERT INTO public.qualifying_results_2024 VALUES (389, 20, 'hulkenberg', 'haas', 27, 10, '1:17.186', '1:16.995', '1:17.365');
INSERT INTO public.qualifying_results_2024 VALUES (390, 20, 'tsunoda', 'rb', 22, 11, '1:17.182', '1:17.129', NULL);
INSERT INTO public.qualifying_results_2024 VALUES (391, 20, 'lawson', 'rb', 30, 12, '1:17.380', '1:17.162', NULL);
INSERT INTO public.qualifying_results_2024 VALUES (392, 20, 'alonso', 'aston_martin', 14, 13, '1:17.307', '1:17.168', NULL);
INSERT INTO public.qualifying_results_2024 VALUES (393, 20, 'stroll', 'aston_martin', 18, 14, '1:17.407', '1:17.294', NULL);
INSERT INTO public.qualifying_results_2024 VALUES (394, 20, 'bottas', 'sauber', 77, 15, '1:17.393', '1:17.817', NULL);
INSERT INTO public.qualifying_results_2024 VALUES (395, 20, 'colapinto', 'williams', 43, 16, '1:17.558', NULL, NULL);
INSERT INTO public.qualifying_results_2024 VALUES (396, 20, 'piastri', 'mclaren', 81, 17, '1:17.597', NULL, NULL);
INSERT INTO public.qualifying_results_2024 VALUES (397, 20, 'perez', 'red_bull', 11, 18, '1:17.611', NULL, NULL);
INSERT INTO public.qualifying_results_2024 VALUES (398, 20, 'ocon', 'alpine', 31, 19, '1:17.617', NULL, NULL);
INSERT INTO public.qualifying_results_2024 VALUES (399, 20, 'zhou', 'sauber', 24, 20, '1:18.072', NULL, NULL);
INSERT INTO public.qualifying_results_2024 VALUES (400, 21, 'norris', 'mclaren', 4, 1, '1:30.944', '1:24.844', '1:23.405');
INSERT INTO public.qualifying_results_2024 VALUES (401, 21, 'russell', 'mercedes', 63, 2, '1:29.121', '1:26.307', '1:23.578');
INSERT INTO public.qualifying_results_2024 VALUES (402, 21, 'tsunoda', 'rb', 22, 3, '1:29.172', '1:26.464', '1:24.111');
INSERT INTO public.qualifying_results_2024 VALUES (403, 21, 'ocon', 'alpine', 31, 4, '1:29.171', '1:26.206', '1:24.475');
INSERT INTO public.qualifying_results_2024 VALUES (404, 21, 'lawson', 'rb', 30, 5, '1:30.758', '1:25.654', '1:24.484');
INSERT INTO public.qualifying_results_2024 VALUES (405, 21, 'leclerc', 'ferrari', 16, 6, '1:29.839', '1:26.097', '1:24.525');
INSERT INTO public.qualifying_results_2024 VALUES (406, 21, 'albon', 'williams', 23, 7, '1:29.072', '1:24.657', '1:24.657');
INSERT INTO public.qualifying_results_2024 VALUES (407, 21, 'piastri', 'mclaren', 81, 8, '1:30.114', '1:24.686', '1:24.686');
INSERT INTO public.qualifying_results_2024 VALUES (408, 21, 'alonso', 'aston_martin', 14, 9, '1:30.207', '1:28.998', '1:28.998');
INSERT INTO public.qualifying_results_2024 VALUES (409, 21, 'stroll', 'aston_martin', 18, 10, '1:30.580', '1:26.334', NULL);
INSERT INTO public.qualifying_results_2024 VALUES (410, 21, 'bottas', 'sauber', 77, 11, '1:30.633', '1:26.472', NULL);
INSERT INTO public.qualifying_results_2024 VALUES (411, 21, 'max_verstappen', 'red_bull', 1, 12, '1:28.522', '1:27.771', NULL);
INSERT INTO public.qualifying_results_2024 VALUES (412, 21, 'perez', 'red_bull', 11, 13, '1:30.035', '1:28.158', NULL);
INSERT INTO public.qualifying_results_2024 VALUES (413, 21, 'sainz', 'ferrari', 55, 14, '1:30.303', '1:29.406', NULL);
INSERT INTO public.qualifying_results_2024 VALUES (414, 21, 'gasly', 'alpine', 10, 15, '1:29.420', '1:29.614', NULL);
INSERT INTO public.qualifying_results_2024 VALUES (415, 21, 'hamilton', 'mercedes', 44, 16, '1:31.150', NULL, NULL);
INSERT INTO public.qualifying_results_2024 VALUES (416, 21, 'bearman', 'haas', 50, 17, '1:31.229', NULL, NULL);
INSERT INTO public.qualifying_results_2024 VALUES (417, 21, 'colapinto', 'williams', 43, 18, '1:31.270', NULL, NULL);
INSERT INTO public.qualifying_results_2024 VALUES (418, 21, 'hulkenberg', 'haas', 27, 19, '1:31.623', NULL, NULL);
INSERT INTO public.qualifying_results_2024 VALUES (419, 21, 'zhou', 'sauber', 24, 20, '1:32.263', NULL, NULL);
INSERT INTO public.qualifying_results_2024 VALUES (420, 22, 'russell', 'mercedes', 63, 1, '1:33.186', '1:32.779', '1:32.312');
INSERT INTO public.qualifying_results_2024 VALUES (421, 22, 'sainz', 'ferrari', 55, 2, '1:33.484', '1:32.711', '1:32.410');
INSERT INTO public.qualifying_results_2024 VALUES (422, 22, 'gasly', 'alpine', 10, 3, '1:33.691', '1:32.879', '1:32.664');
INSERT INTO public.qualifying_results_2024 VALUES (423, 22, 'leclerc', 'ferrari', 16, 4, '1:33.446', '1:33.016', '1:32.783');
INSERT INTO public.qualifying_results_2024 VALUES (424, 22, 'max_verstappen', 'red_bull', 1, 5, '1:33.299', '1:33.085', '1:32.797');
INSERT INTO public.qualifying_results_2024 VALUES (425, 22, 'norris', 'mclaren', 4, 6, '1:33.592', '1:33.099', '1:33.008');
INSERT INTO public.qualifying_results_2024 VALUES (426, 22, 'tsunoda', 'rb', 22, 7, '1:33.789', '1:33.089', '1:33.029');
INSERT INTO public.qualifying_results_2024 VALUES (427, 22, 'piastri', 'mclaren', 81, 8, '1:33.450', '1:33.024', '1:33.033');
INSERT INTO public.qualifying_results_2024 VALUES (428, 22, 'hulkenberg', 'haas', 27, 9, '1:33.920', '1:33.114', '1:33.062');
INSERT INTO public.qualifying_results_2024 VALUES (429, 22, 'hamilton', 'mercedes', 44, 10, '1:33.225', '1:32.567', '1:48.106');
INSERT INTO public.qualifying_results_2024 VALUES (430, 22, 'ocon', 'alpine', 31, 11, '1:33.968', '1:33.221', NULL);
INSERT INTO public.qualifying_results_2024 VALUES (431, 22, 'kevin_magnussen', 'haas', 20, 12, '1:33.991', '1:33.297', NULL);
INSERT INTO public.qualifying_results_2024 VALUES (432, 22, 'zhou', 'sauber', 24, 13, '1:34.079', '1:33.566', NULL);
INSERT INTO public.qualifying_results_2024 VALUES (433, 22, 'colapinto', 'williams', 43, 14, '1:33.746', '1:33.749', NULL);
INSERT INTO public.qualifying_results_2024 VALUES (434, 22, 'lawson', 'rb', 30, 15, '1:34.087', '1:34.257', NULL);
INSERT INTO public.qualifying_results_2024 VALUES (435, 22, 'perez', 'red_bull', 11, 16, '1:34.155', NULL, NULL);
INSERT INTO public.qualifying_results_2024 VALUES (436, 22, 'alonso', 'aston_martin', 14, 17, '1:34.258', NULL, NULL);
INSERT INTO public.qualifying_results_2024 VALUES (437, 22, 'albon', 'williams', 23, 18, '1:34.425', NULL, NULL);
INSERT INTO public.qualifying_results_2024 VALUES (438, 22, 'bottas', 'sauber', 77, 19, '1:34.430', NULL, NULL);
INSERT INTO public.qualifying_results_2024 VALUES (439, 22, 'stroll', 'aston_martin', 18, 20, '1:34.484', NULL, NULL);
INSERT INTO public.qualifying_results_2024 VALUES (440, 23, 'max_verstappen', 'red_bull', 1, 1, '1:21.579', '1:20.687', '1:20.520');
INSERT INTO public.qualifying_results_2024 VALUES (441, 23, 'russell', 'mercedes', 63, 2, '1:21.241', '1:21.069', '1:20.575');
INSERT INTO public.qualifying_results_2024 VALUES (442, 23, 'norris', 'mclaren', 4, 3, '1:21.578', '1:20.983', '1:20.772');
INSERT INTO public.qualifying_results_2024 VALUES (443, 23, 'piastri', 'mclaren', 81, 4, '1:21.821', '1:21.121', '1:20.829');
INSERT INTO public.qualifying_results_2024 VALUES (444, 23, 'leclerc', 'ferrari', 16, 5, '1:21.278', '1:21.000', '1:20.852');
INSERT INTO public.qualifying_results_2024 VALUES (445, 23, 'hamilton', 'mercedes', 44, 6, '1:21.637', '1:21.095', '1:21.011');
INSERT INTO public.qualifying_results_2024 VALUES (446, 23, 'sainz', 'ferrari', 55, 7, '1:21.447', '1:21.199', '1:21.041');
INSERT INTO public.qualifying_results_2024 VALUES (447, 23, 'alonso', 'aston_martin', 14, 8, '1:21.608', '1:21.208', '1:21.251');
INSERT INTO public.qualifying_results_2024 VALUES (448, 23, 'perez', 'red_bull', 11, 9, '1:21.675', '1:21.425', '1:21.425');
INSERT INTO public.qualifying_results_2024 VALUES (449, 23, 'kevin_magnussen', 'haas', 20, 10, '1:21.891', '1:21.387', '1:21.500');
INSERT INTO public.qualifying_results_2024 VALUES (450, 23, 'gasly', 'alpine', 10, 11, '1:21.843', '1:21.437', NULL);
INSERT INTO public.qualifying_results_2024 VALUES (451, 23, 'zhou', 'sauber', 24, 12, '1:22.103', '1:21.501', NULL);
INSERT INTO public.qualifying_results_2024 VALUES (452, 23, 'bottas', 'sauber', 77, 13, '1:21.927', '1:21.731', NULL);
INSERT INTO public.qualifying_results_2024 VALUES (453, 23, 'tsunoda', 'rb', 22, 14, '1:22.364', '1:21.771', NULL);
INSERT INTO public.qualifying_results_2024 VALUES (454, 23, 'stroll', 'aston_martin', 18, 15, '1:22.011', '1:21.911', NULL);
INSERT INTO public.qualifying_results_2024 VALUES (455, 23, 'albon', 'williams', 23, 16, '1:22.390', NULL, NULL);
INSERT INTO public.qualifying_results_2024 VALUES (456, 23, 'lawson', 'rb', 30, 17, '1:22.411', NULL, NULL);
INSERT INTO public.qualifying_results_2024 VALUES (457, 23, 'hulkenberg', 'haas', 27, 18, '1:22.442', NULL, NULL);
INSERT INTO public.qualifying_results_2024 VALUES (458, 23, 'colapinto', 'williams', 43, 19, '1:22.594', NULL, NULL);
INSERT INTO public.qualifying_results_2024 VALUES (459, 23, 'ocon', 'alpine', 31, 20, '1:22.714', NULL, NULL);
INSERT INTO public.qualifying_results_2024 VALUES (460, 24, 'norris', 'mclaren', 4, 1, '1:23.682', '1:23.098', '1:22.595');
INSERT INTO public.qualifying_results_2024 VALUES (461, 24, 'piastri', 'mclaren', 81, 2, '1:23.640', '1:23.199', '1:22.804');
INSERT INTO public.qualifying_results_2024 VALUES (462, 24, 'sainz', 'ferrari', 55, 3, '1:23.487', '1:22.985', '1:22.824');
INSERT INTO public.qualifying_results_2024 VALUES (463, 24, 'hulkenberg', 'haas', 27, 4, '1:23.722', '1:23.040', '1:22.886');
INSERT INTO public.qualifying_results_2024 VALUES (464, 24, 'max_verstappen', 'red_bull', 1, 5, '1:23.516', '1:22.998', '1:22.945');
INSERT INTO public.qualifying_results_2024 VALUES (465, 24, 'gasly', 'alpine', 10, 6, '1:23.548', '1:23.086', '1:22.984');
INSERT INTO public.qualifying_results_2024 VALUES (466, 24, 'russell', 'mercedes', 63, 7, '1:23.678', '1:23.283', '1:23.132');
INSERT INTO public.qualifying_results_2024 VALUES (467, 24, 'alonso', 'aston_martin', 14, 8, '1:23.794', '1:23.268', '1:23.196');
INSERT INTO public.qualifying_results_2024 VALUES (468, 24, 'bottas', 'sauber', 77, 9, '1:23.481', '1:23.341', '1:23.204');
INSERT INTO public.qualifying_results_2024 VALUES (469, 24, 'perez', 'red_bull', 11, 10, '1:23.559', '1:23.379', '1:23.264');
INSERT INTO public.qualifying_results_2024 VALUES (470, 24, 'tsunoda', 'rb', 22, 11, '1:23.735', '1:23.419', NULL);
INSERT INTO public.qualifying_results_2024 VALUES (471, 24, 'lawson', 'rb', 30, 12, '1:23.733', '1:23.472', NULL);
INSERT INTO public.qualifying_results_2024 VALUES (472, 24, 'stroll', 'aston_martin', 18, 13, '1:23.729', '1:23.784', NULL);
INSERT INTO public.qualifying_results_2024 VALUES (473, 24, 'leclerc', 'ferrari', 16, 14, '1:23.302', '1:23.833', NULL);
INSERT INTO public.qualifying_results_2024 VALUES (474, 24, 'kevin_magnussen', 'haas', 20, 15, '1:23.632', '1:23.877', NULL);
INSERT INTO public.qualifying_results_2024 VALUES (475, 24, 'albon', 'williams', 23, 16, '1:23.821', NULL, NULL);
INSERT INTO public.qualifying_results_2024 VALUES (476, 24, 'zhou', 'sauber', 24, 17, '1:23.880', NULL, NULL);
INSERT INTO public.qualifying_results_2024 VALUES (477, 24, 'hamilton', 'mercedes', 44, 18, '1:23.887', NULL, NULL);
INSERT INTO public.qualifying_results_2024 VALUES (478, 24, 'colapinto', 'williams', 43, 19, '1:23.912', NULL, NULL);
INSERT INTO public.qualifying_results_2024 VALUES (479, 24, 'doohan', 'alpine', 61, 20, '1:24.105', NULL, NULL);


--
-- Data for Name: results_2024; Type: TABLE DATA; Schema: public; Owner: alexf1
--

INSERT INTO public.results_2024 VALUES (2, 1, 'max_verstappen', 'red_bull', 1, 1, '1', 26, 1, 57, NULL, 5504742, '1:31:44.742', 1, 39, '1:32.608', 210.383);
INSERT INTO public.results_2024 VALUES (3, 1, 'perez', 'red_bull', 11, 2, '2', 18, 5, 57, NULL, 5527199, '+22.457', 4, 40, '1:34.364', 206.468);
INSERT INTO public.results_2024 VALUES (4, 1, 'sainz', 'ferrari', 55, 3, '3', 15, 4, 57, NULL, 5529852, '+25.110', 6, 44, '1:34.507', 206.156);
INSERT INTO public.results_2024 VALUES (5, 1, 'leclerc', 'ferrari', 16, 4, '4', 12, 2, 57, NULL, 5544411, '+39.669', 2, 36, '1:34.090', 207.069);
INSERT INTO public.results_2024 VALUES (6, 1, 'russell', 'mercedes', 63, 5, '5', 10, 3, 57, NULL, 5551530, '+46.788', 12, 40, '1:35.065', 204.946);
INSERT INTO public.results_2024 VALUES (7, 1, 'norris', 'mclaren', 4, 6, '6', 8, 7, 57, NULL, 5553200, '+48.458', 5, 35, '1:34.476', NULL);
INSERT INTO public.results_2024 VALUES (8, 1, 'hamilton', 'mercedes', 44, 7, '7', 6, 9, 57, NULL, 5555066, '+50.324', 7, 39, '1:34.722', 205.688);
INSERT INTO public.results_2024 VALUES (9, 1, 'piastri', 'mclaren', 81, 8, '8', 4, 8, 57, NULL, 5560824, '+56.082', 11, 39, '1:34.983', NULL);
INSERT INTO public.results_2024 VALUES (10, 1, 'alonso', 'aston_martin', 14, 9, '9', 2, 6, 57, NULL, 5579629, '+1:14.887', 3, 48, '1:34.199', 206.83);
INSERT INTO public.results_2024 VALUES (11, 1, 'stroll', 'aston_martin', 18, 10, '10', 1, 12, 57, NULL, 5597958, '+1:33.216', 16, 30, '1:35.632', 203.73);
INSERT INTO public.results_2024 VALUES (12, 1, 'zhou', 'sauber', 24, 11, '11', 0, 17, 56, NULL, 5511501, '+6.759', 14, 30, '1:35.458', 204.102);
INSERT INTO public.results_2024 VALUES (13, 1, 'kevin_magnussen', 'haas', 20, 12, '12', 0, 15, 56, NULL, 5513058, '+8.316', 15, 34, '1:35.570', 203.863);
INSERT INTO public.results_2024 VALUES (14, 1, 'ricciardo', 'rb', 3, 13, '13', 0, 14, 56, NULL, 5513700, '+8.958', 13, 37, '1:35.163', 204.735);
INSERT INTO public.results_2024 VALUES (15, 1, 'tsunoda', 'rb', 22, 14, '14', 0, 11, 56, NULL, 5514224, '+9.482', 18, 37, '1:35.833', 203.303);
INSERT INTO public.results_2024 VALUES (16, 1, 'albon', 'williams', 23, 15, '15', 0, 13, 56, NULL, 5516628, '+11.886', 17, 40, '1:35.723', 203.537);
INSERT INTO public.results_2024 VALUES (17, 1, 'hulkenberg', 'haas', 27, 16, '16', 0, 10, 56, NULL, 5522374, '+17.632', 10, 46, '1:34.834', 205.445);
INSERT INTO public.results_2024 VALUES (18, 1, 'ocon', 'alpine', 31, 17, '17', 0, 19, 56, NULL, 5536192, '+31.450', 20, 34, '1:36.226', 202.473);
INSERT INTO public.results_2024 VALUES (19, 1, 'gasly', 'alpine', 10, 18, '18', 0, 20, 56, NULL, 5537159, '+32.417', 9, 45, '1:34.805', 205.508);
INSERT INTO public.results_2024 VALUES (20, 1, 'bottas', 'sauber', 77, 19, '19', 0, 16, 56, NULL, 5587972, '+1:23.230', 19, 33, '1:36.202', 202.523);
INSERT INTO public.results_2024 VALUES (21, 1, 'sargeant', 'williams', 2, 20, '20', 0, 18, 55, NULL, 5525537, '+20.795', 8, 42, '1:34.735', 205.659);
INSERT INTO public.results_2024 VALUES (22, 2, 'max_verstappen', 'red_bull', 1, 1, '1', 25, 1, 50, NULL, 4843273, '1:20:43.273', 3, 50, '1:31.773', 242.188);
INSERT INTO public.results_2024 VALUES (23, 2, 'perez', 'red_bull', 11, 2, '2', 18, 3, 50, NULL, 4856916, '+13.643', 8, 37, '1:32.273', 240.876);
INSERT INTO public.results_2024 VALUES (24, 2, 'leclerc', 'ferrari', 16, 3, '3', 16, 2, 50, NULL, 4861912, '+18.639', 1, 50, '1:31.632', 242.561);
INSERT INTO public.results_2024 VALUES (25, 2, 'piastri', 'mclaren', 81, 4, '4', 12, 5, 50, NULL, 4875280, '+32.007', 10, 45, '1:32.310', NULL);
INSERT INTO public.results_2024 VALUES (26, 2, 'alonso', 'aston_martin', 14, 5, '5', 10, 4, 50, NULL, 4879032, '+35.759', 13, 43, '1:32.387', 240.579);
INSERT INTO public.results_2024 VALUES (27, 2, 'russell', 'mercedes', 63, 6, '6', 8, 7, 50, NULL, 4883209, '+39.936', 7, 42, '1:32.254', 240.926);
INSERT INTO public.results_2024 VALUES (28, 2, 'bearman', 'ferrari', 38, 7, '7', 6, 11, 50, NULL, 4885952, '+42.679', 5, 50, '1:32.186', 241.103);
INSERT INTO public.results_2024 VALUES (29, 2, 'norris', 'mclaren', 4, 8, '8', 4, 6, 50, NULL, 4888981, '+45.708', 4, 40, '1:31.944', NULL);
INSERT INTO public.results_2024 VALUES (30, 2, 'hamilton', 'mercedes', 44, 9, '9', 2, 8, 50, NULL, 4890664, '+47.391', 2, 38, '1:31.746', 242.26);
INSERT INTO public.results_2024 VALUES (31, 2, 'hulkenberg', 'haas', 27, 10, '10', 1, 15, 50, NULL, 4920269, '+1:16.996', 12, 49, '1:32.366', 240.633);
INSERT INTO public.results_2024 VALUES (32, 2, 'albon', 'williams', 23, 11, '11', 0, 12, 50, NULL, 4931627, '+1:28.354', 9, 50, '1:32.307', 240.787);
INSERT INTO public.results_2024 VALUES (33, 2, 'kevin_magnussen', 'haas', 20, 12, '12', 0, 13, 50, NULL, 4949010, '+1:45.737', 11, 47, '1:32.338', 240.706);
INSERT INTO public.results_2024 VALUES (34, 2, 'ocon', 'alpine', 31, 13, '13', 0, 17, 49, NULL, 4847274, '+4.001', 17, 48, '1:33.481', 237.763);
INSERT INTO public.results_2024 VALUES (35, 2, 'sargeant', 'williams', 2, 14, '14', 0, 19, 49, NULL, 4850058, '+6.785', 15, 49, '1:33.026', NULL);
INSERT INTO public.results_2024 VALUES (36, 2, 'tsunoda', 'rb', 22, 15, '15', 0, 9, 49, NULL, 4853806, '+10.533', 18, 44, '1:33.523', NULL);
INSERT INTO public.results_2024 VALUES (37, 2, 'ricciardo', 'rb', 3, 16, '16', 0, 14, 49, NULL, 4863988, '+20.715', 16, 47, '1:33.323', 238.166);
INSERT INTO public.results_2024 VALUES (38, 2, 'bottas', 'sauber', 77, 17, '17', 0, 16, 49, NULL, 4866388, '+23.115', 14, 49, '1:32.706', 239.751);
INSERT INTO public.results_2024 VALUES (39, 2, 'zhou', 'sauber', 24, 18, '18', 0, 20, 49, NULL, 4872826, '+29.553', 6, 49, '1:32.208', 241.046);
INSERT INTO public.results_2024 VALUES (40, 2, 'stroll', 'aston_martin', 18, 19, 'R', 0, 10, 5, NULL, NULL, NULL, 19, 5, '1:35.560', 232.591);
INSERT INTO public.results_2024 VALUES (41, 2, 'gasly', 'alpine', 10, 20, 'R', 0, 18, 1, NULL, NULL, NULL, NULL, NULL, NULL, NULL);
INSERT INTO public.results_2024 VALUES (42, 3, 'sainz', 'ferrari', 55, 1, '1', 25, 2, 58, NULL, 4826843, '1:20:26.843', 3, 48, '1:20.031', 237.418);
INSERT INTO public.results_2024 VALUES (43, 3, 'leclerc', 'ferrari', 16, 2, '2', 19, 4, 58, NULL, 4829209, '+2.366', 1, 56, '1:19.813', 238.066);
INSERT INTO public.results_2024 VALUES (44, 3, 'norris', 'mclaren', 4, 3, '3', 15, 3, 58, NULL, 4832747, '+5.904', 2, 49, '1:19.915', NULL);
INSERT INTO public.results_2024 VALUES (45, 3, 'piastri', 'mclaren', 81, 4, '4', 12, 5, 58, NULL, 4862613, '+35.770', 4, 54, '1:20.199', NULL);
INSERT INTO public.results_2024 VALUES (46, 3, 'perez', 'red_bull', 11, 5, '5', 10, 6, 58, NULL, 4883152, '+56.309', 6, 47, '1:20.388', 236.363);
INSERT INTO public.results_2024 VALUES (47, 3, 'stroll', 'aston_martin', 18, 6, '6', 8, 9, 58, NULL, 4920065, '+1:33.222', 8, 49, '1:20.930', 234.78);
INSERT INTO public.results_2024 VALUES (48, 3, 'tsunoda', 'rb', 22, 7, '7', 6, 8, 58, NULL, 4922444, '+1:35.601', 11, 46, '1:21.134', 234.19);
INSERT INTO public.results_2024 VALUES (49, 3, 'alonso', 'aston_martin', 14, 8, '8', 4, 10, 58, NULL, 4927835, '+1:40.992', 7, 52, '1:20.493', 236.055);
INSERT INTO public.results_2024 VALUES (50, 3, 'hulkenberg', 'haas', 27, 9, '9', 2, 16, 58, NULL, 4931396, '+1:44.553', 12, 46, '1:21.145', 234.158);
INSERT INTO public.results_2024 VALUES (51, 3, 'kevin_magnussen', 'haas', 20, 10, '10', 1, 14, 57, NULL, 4830924, '+4.081', 9, 44, '1:21.082', 234.34);
INSERT INTO public.results_2024 VALUES (52, 3, 'albon', 'williams', 23, 11, '11', 0, 12, 57, NULL, 4831852, '+5.009', 17, 46, '1:21.618', 232.801);
INSERT INTO public.results_2024 VALUES (53, 3, 'ricciardo', 'rb', 3, 12, '12', 0, 18, 57, NULL, 4838351, '+11.508', 13, 46, '1:21.239', 233.887);
INSERT INTO public.results_2024 VALUES (54, 3, 'gasly', 'alpine', 10, 13, '13', 0, 17, 57, NULL, 4867796, '+40.953', 10, 51, '1:21.090', 234.317);
INSERT INTO public.results_2024 VALUES (55, 3, 'bottas', 'sauber', 77, 14, '14', 0, 13, 57, NULL, 4869169, '+42.326', 16, 48, '1:21.422', 233.361);
INSERT INTO public.results_2024 VALUES (56, 3, 'zhou', 'sauber', 24, 15, '15', 0, 19, 57, NULL, 4871136, '+44.293', 14, 49, '1:21.327', 233.634);
INSERT INTO public.results_2024 VALUES (57, 3, 'ocon', 'alpine', 31, 16, '16', 0, 15, 57, NULL, 4880822, '+53.979', 15, 45, '1:21.354', 233.557);
INSERT INTO public.results_2024 VALUES (58, 3, 'russell', 'mercedes', 63, 17, '17', 0, 7, 56, NULL, 4684734, '+-1:57:37.891', 5, 53, '1:20.284', 236.669);
INSERT INTO public.results_2024 VALUES (59, 3, 'hamilton', 'mercedes', 44, 18, 'R', 0, 11, 15, NULL, NULL, NULL, 18, 11, '1:22.444', 230.469);
INSERT INTO public.results_2024 VALUES (60, 3, 'max_verstappen', 'red_bull', 1, 19, 'R', 0, 1, 3, NULL, NULL, NULL, 19, 3, '1:23.115', 228.608);
INSERT INTO public.results_2024 VALUES (61, 4, 'max_verstappen', 'red_bull', 1, 1, '1', 26, 1, 53, NULL, 6863566, '1:54:23.566', 1, 50, '1:33.706', 223.093);
INSERT INTO public.results_2024 VALUES (62, 4, 'perez', 'red_bull', 11, 2, '2', 18, 2, 53, NULL, 6876101, '+12.535', 3, 35, '1:33.945', 222.525);
INSERT INTO public.results_2024 VALUES (63, 4, 'sainz', 'ferrari', 55, 3, '3', 15, 4, 53, NULL, 6884432, '+20.866', 2, 46, '1:33.841', 222.772);
INSERT INTO public.results_2024 VALUES (64, 4, 'leclerc', 'ferrari', 16, 4, '4', 12, 8, 53, NULL, 6890088, '+26.522', 9, 53, '1:35.044', 219.952);
INSERT INTO public.results_2024 VALUES (65, 4, 'norris', 'mclaren', 4, 5, '5', 10, 3, 53, NULL, 6893266, '+29.700', 10, 51, '1:35.186', NULL);
INSERT INTO public.results_2024 VALUES (66, 4, 'alonso', 'aston_martin', 14, 6, '6', 8, 5, 53, NULL, 6907838, '+44.272', 6, 53, '1:34.726', 220.691);
INSERT INTO public.results_2024 VALUES (67, 4, 'russell', 'mercedes', 63, 7, '7', 6, 9, 53, NULL, 6909517, '+45.951', 5, 39, '1:34.404', 221.444);
INSERT INTO public.results_2024 VALUES (68, 4, 'piastri', 'mclaren', 81, 8, '8', 4, 6, 53, NULL, 6911091, '+47.525', 7, 35, '1:34.802', NULL);
INSERT INTO public.results_2024 VALUES (69, 4, 'hamilton', 'mercedes', 44, 9, '9', 2, 7, 53, NULL, 6912192, '+48.626', 4, 41, '1:33.952', 222.509);
INSERT INTO public.results_2024 VALUES (70, 4, 'tsunoda', 'rb', 22, 10, '10', 1, 10, 52, NULL, 6865168, '+1.602', 14, 51, '1:36.342', 216.989);
INSERT INTO public.results_2024 VALUES (71, 4, 'hulkenberg', 'haas', 27, 11, '11', 0, 12, 52, NULL, 6870734, '+7.168', 11, 52, '1:35.325', 219.304);
INSERT INTO public.results_2024 VALUES (72, 4, 'stroll', 'aston_martin', 18, 12, '12', 0, 16, 52, NULL, 6874799, '+11.233', 12, 41, '1:35.798', 218.221);
INSERT INTO public.results_2024 VALUES (73, 4, 'kevin_magnussen', 'haas', 20, 13, '13', 0, 18, 52, NULL, 6881485, '+17.919', 17, 24, '1:36.654', 216.289);
INSERT INTO public.results_2024 VALUES (74, 4, 'bottas', 'sauber', 77, 14, '14', 0, 13, 52, NULL, 6882459, '+18.893', 15, 25, '1:36.608', 216.392);
INSERT INTO public.results_2024 VALUES (75, 4, 'ocon', 'alpine', 31, 15, '15', 0, 15, 52, NULL, 6904718, '+41.152', 13, 52, '1:36.232', 217.237);
INSERT INTO public.results_2024 VALUES (76, 4, 'gasly', 'alpine', 10, 16, '16', 0, 17, 52, NULL, 6918632, '+55.066', 16, 48, '1:36.642', 216.315);
INSERT INTO public.results_2024 VALUES (77, 4, 'sargeant', 'williams', 2, 17, '17', 0, 19, 52, NULL, 6936331, '+1:12.765', 8, 43, '1:34.900', 220.286);
INSERT INTO public.results_2024 VALUES (78, 4, 'zhou', 'sauber', 24, 18, 'R', 0, 20, 12, NULL, NULL, NULL, 18, 9, '1:37.160', 215.162);
INSERT INTO public.results_2024 VALUES (79, 4, 'ricciardo', 'rb', 3, 19, 'R', 0, 11, 0, NULL, NULL, NULL, NULL, NULL, NULL, NULL);
INSERT INTO public.results_2024 VALUES (80, 4, 'albon', 'williams', 23, 20, 'R', 0, 14, 0, NULL, NULL, NULL, NULL, NULL, NULL, NULL);
INSERT INTO public.results_2024 VALUES (81, 5, 'max_verstappen', 'red_bull', 1, 1, '1', 25, 1, 56, NULL, 6052554, '1:40:52.554', 2, 33, '1:38.406', 199.414);
INSERT INTO public.results_2024 VALUES (82, 5, 'norris', 'mclaren', 4, 2, '2', 18, 4, 56, NULL, 6066327, '+13.773', 4, 33, '1:38.751', NULL);
INSERT INTO public.results_2024 VALUES (83, 5, 'perez', 'red_bull', 11, 3, '3', 15, 2, 56, NULL, 6071714, '+19.160', 7, 33, '1:39.388', 197.444);
INSERT INTO public.results_2024 VALUES (84, 5, 'leclerc', 'ferrari', 16, 4, '4', 12, 6, 56, NULL, 6076177, '+23.623', 6, 33, '1:39.384', 197.452);
INSERT INTO public.results_2024 VALUES (85, 5, 'sainz', 'ferrari', 55, 5, '5', 10, 7, 56, NULL, 6086537, '+33.983', 10, 19, '1:39.764', 196.7);
INSERT INTO public.results_2024 VALUES (86, 5, 'russell', 'mercedes', 63, 6, '6', 8, 8, 56, NULL, 6091278, '+38.724', 11, 39, '1:40.112', 196.016);
INSERT INTO public.results_2024 VALUES (87, 5, 'alonso', 'aston_martin', 14, 7, '7', 7, 3, 56, NULL, 6095968, '+43.414', 1, 45, '1:37.810', 200.629);
INSERT INTO public.results_2024 VALUES (88, 5, 'piastri', 'mclaren', 81, 8, '8', 4, 5, 56, NULL, 6108752, '+56.198', 9, 18, '1:39.739', NULL);
INSERT INTO public.results_2024 VALUES (89, 5, 'hamilton', 'mercedes', 44, 9, '9', 2, 18, 56, NULL, 6110540, '+57.986', 14, 34, '1:40.835', 194.61);
INSERT INTO public.results_2024 VALUES (90, 5, 'hulkenberg', 'haas', 27, 10, '10', 1, 9, 56, NULL, 6113030, '+1:00.476', 13, 32, '1:40.815', 194.649);
INSERT INTO public.results_2024 VALUES (91, 5, 'ocon', 'alpine', 31, 11, '11', 0, 13, 56, NULL, 6115366, '+1:02.812', 15, 33, '1:40.937', 194.414);
INSERT INTO public.results_2024 VALUES (92, 5, 'albon', 'williams', 23, 12, '12', 0, 14, 56, NULL, 6118060, '+1:05.506', 12, 34, '1:40.790', 194.697);
INSERT INTO public.results_2024 VALUES (93, 5, 'gasly', 'alpine', 10, 13, '13', 0, 15, 56, NULL, 6121777, '+1:09.223', 5, 40, '1:39.198', 197.822);
INSERT INTO public.results_2024 VALUES (94, 5, 'zhou', 'sauber', 24, 14, '14', 0, 16, 56, NULL, 6124243, '+1:11.689', 3, 42, '1:38.633', 198.955);
INSERT INTO public.results_2024 VALUES (95, 5, 'stroll', 'aston_martin', 18, 15, '15', 0, 11, 56, NULL, 6135340, '+1:22.786', 8, 37, '1:39.444', 197.333);
INSERT INTO public.results_2024 VALUES (96, 5, 'kevin_magnussen', 'haas', 20, 16, '16', 0, 17, 56, NULL, 6140087, '+1:27.533', 18, 45, '1:41.077', 194.145);
INSERT INTO public.results_2024 VALUES (97, 5, 'sargeant', 'williams', 2, 17, '17', 0, 20, 56, NULL, 6147664, '+1:35.110', 17, 14, '1:41.000', 194.293);
INSERT INTO public.results_2024 VALUES (98, 5, 'ricciardo', 'rb', 3, 18, 'R', 0, 12, 33, NULL, NULL, NULL, 16, 16, '1:40.994', 194.304);
INSERT INTO public.results_2024 VALUES (99, 5, 'tsunoda', 'rb', 22, 19, 'R', 0, 19, 26, NULL, NULL, NULL, 20, 11, '1:41.593', 193.158);
INSERT INTO public.results_2024 VALUES (100, 5, 'bottas', 'sauber', 77, 20, 'R', 0, 10, 19, NULL, NULL, NULL, 19, 11, '1:41.276', 193.763);
INSERT INTO public.results_2024 VALUES (101, 6, 'norris', 'mclaren', 4, 1, '1', 25, 5, 57, NULL, 5449876, '1:30:49.876', 5, 55, '1:30.980', 214.148);
INSERT INTO public.results_2024 VALUES (102, 6, 'max_verstappen', 'red_bull', 1, 2, '2', 18, 1, 57, NULL, 5457488, '+7.612', 8, 48, '1:31.261', 213.488);
INSERT INTO public.results_2024 VALUES (103, 6, 'leclerc', 'ferrari', 16, 3, '3', 15, 2, 57, NULL, 5459796, '+9.920', 6, 56, '1:31.084', 213.903);
INSERT INTO public.results_2024 VALUES (104, 6, 'perez', 'red_bull', 11, 4, '4', 12, 4, 57, NULL, 5464526, '+14.650', 3, 55, '1:30.855', 214.442);
INSERT INTO public.results_2024 VALUES (105, 6, 'sainz', 'ferrari', 55, 5, '5', 10, 3, 57, NULL, 5466283, '+16.407', 4, 55, '1:30.928', 214.27);
INSERT INTO public.results_2024 VALUES (106, 6, 'hamilton', 'mercedes', 44, 6, '6', 8, 8, 57, NULL, 5466461, '+16.585', 7, 54, '1:31.233', 213.554);
INSERT INTO public.results_2024 VALUES (107, 6, 'tsunoda', 'rb', 22, 7, '7', 6, 10, 57, NULL, 5476061, '+26.185', 10, 55, '1:31.682', 212.508);
INSERT INTO public.results_2024 VALUES (108, 6, 'russell', 'mercedes', 63, 8, '8', 4, 7, 57, NULL, 5484665, '+34.789', 13, 43, '1:31.921', 211.955);
INSERT INTO public.results_2024 VALUES (109, 6, 'alonso', 'aston_martin', 14, 9, '9', 2, 15, 57, NULL, 5486983, '+37.107', 11, 55, '1:31.727', 212.404);
INSERT INTO public.results_2024 VALUES (110, 6, 'ocon', 'alpine', 31, 10, '10', 1, 13, 57, NULL, 5489622, '+39.746', 16, 51, '1:32.037', 211.688);
INSERT INTO public.results_2024 VALUES (111, 6, 'hulkenberg', 'haas', 27, 11, '11', 0, 9, 57, NULL, 5490665, '+40.789', 14, 56, '1:31.941', 211.909);
INSERT INTO public.results_2024 VALUES (112, 6, 'gasly', 'alpine', 10, 12, '12', 0, 12, 57, NULL, 5494834, '+44.958', 17, 56, '1:32.055', 211.647);
INSERT INTO public.results_2024 VALUES (113, 6, 'piastri', 'mclaren', 81, 13, '13', 0, 6, 57, NULL, 5499632, '+49.756', 1, 43, '1:30.634', 214.965);
INSERT INTO public.results_2024 VALUES (114, 6, 'zhou', 'sauber', 24, 14, '14', 0, 19, 57, NULL, 5499855, '+49.979', 15, 56, '1:31.991', 211.794);
INSERT INTO public.results_2024 VALUES (115, 6, 'ricciardo', 'rb', 3, 15, '15', 0, 20, 57, NULL, 5500832, '+50.956', 19, 57, '1:32.122', 211.493);
INSERT INTO public.results_2024 VALUES (116, 6, 'bottas', 'sauber', 77, 16, '16', 0, 16, 57, NULL, 5502232, '+52.356', 18, 55, '1:32.098', 211.548);
INSERT INTO public.results_2024 VALUES (117, 6, 'stroll', 'aston_martin', 18, 17, '17', 0, 11, 57, NULL, 5505049, '+55.173', 9, 57, '1:31.588', 212.726);
INSERT INTO public.results_2024 VALUES (118, 6, 'albon', 'williams', 23, 18, '18', 0, 14, 57, NULL, 5525967, '+1:16.091', 2, 55, '1:30.849', 214.456);
INSERT INTO public.results_2024 VALUES (119, 6, 'kevin_magnussen', 'haas', 20, 19, '19', 0, 18, 57, NULL, 5534559, '+1:24.683', 12, 33, '1:31.774', 212.295);
INSERT INTO public.results_2024 VALUES (120, 6, 'sargeant', 'williams', 2, 20, 'R', 0, 17, 27, NULL, NULL, NULL, 20, 15, '1:33.452', 208.483);
INSERT INTO public.results_2024 VALUES (121, 7, 'max_verstappen', 'red_bull', 1, 1, '1', 25, 1, 63, NULL, 5125252, '1:25:25.252', 9, 38, '1:20.366', 219.898);
INSERT INTO public.results_2024 VALUES (122, 7, 'norris', 'mclaren', 4, 2, '2', 18, 2, 63, NULL, 5125977, '+0.725', 6, 54, '1:19.994', 220.921);
INSERT INTO public.results_2024 VALUES (123, 7, 'leclerc', 'ferrari', 16, 3, '3', 15, 3, 63, NULL, 5133168, '+7.916', 5, 27, '1:19.935', 221.084);
INSERT INTO public.results_2024 VALUES (124, 7, 'piastri', 'mclaren', 81, 4, '4', 12, 5, 63, NULL, 5139384, '+14.132', 4, 25, '1:19.907', 221.162);
INSERT INTO public.results_2024 VALUES (125, 7, 'sainz', 'ferrari', 55, 5, '5', 10, 4, 63, NULL, 5147577, '+22.325', 7, 63, '1:20.220', 220.299);
INSERT INTO public.results_2024 VALUES (126, 7, 'hamilton', 'mercedes', 44, 6, '6', 8, 8, 63, NULL, 5160356, '+35.104', 8, 43, '1:20.331', 219.994);
INSERT INTO public.results_2024 VALUES (127, 7, 'russell', 'mercedes', 63, 7, '7', 7, 6, 63, NULL, 5172406, '+47.154', 1, 54, '1:18.589', 224.871);
INSERT INTO public.results_2024 VALUES (128, 7, 'perez', 'red_bull', 11, 8, '8', 4, 11, 63, NULL, 5180028, '+54.776', 3, 52, '1:19.686', 221.775);
INSERT INTO public.results_2024 VALUES (129, 7, 'stroll', 'aston_martin', 18, 9, '9', 2, 13, 63, NULL, 5204808, '+1:19.556', 10, 58, '1:20.570', 219.342);
INSERT INTO public.results_2024 VALUES (130, 7, 'tsunoda', 'rb', 22, 10, '10', 1, 7, 62, NULL, 5143108, '+17.856', 11, 14, '1:20.936', 218.35);
INSERT INTO public.results_2024 VALUES (131, 7, 'hulkenberg', 'haas', 27, 11, '11', 0, 10, 62, NULL, 5150529, '+25.277', 20, 3, '1:21.700', 216.308);
INSERT INTO public.results_2024 VALUES (132, 7, 'kevin_magnussen', 'haas', 20, 12, '12', 0, 18, 62, NULL, 5151686, '+26.434', 12, 58, '1:21.009', 218.153);
INSERT INTO public.results_2024 VALUES (133, 7, 'ricciardo', 'rb', 3, 13, '13', 0, 9, 62, NULL, 5152913, '+27.661', 19, 13, '1:21.569', 216.655);
INSERT INTO public.results_2024 VALUES (134, 7, 'ocon', 'alpine', 31, 14, '14', 0, 12, 62, NULL, 5169159, '+43.907', 16, 37, '1:21.304', 217.361);
INSERT INTO public.results_2024 VALUES (135, 7, 'zhou', 'sauber', 24, 15, '15', 0, 17, 62, NULL, 5170185, '+44.933', 13, 37, '1:21.016', 218.134);
INSERT INTO public.results_2024 VALUES (136, 7, 'gasly', 'alpine', 10, 16, '16', 0, 15, 62, NULL, 5174967, '+49.715', 17, 10, '1:21.371', 217.183);
INSERT INTO public.results_2024 VALUES (137, 7, 'sargeant', 'williams', 2, 17, '17', 0, 19, 62, NULL, 5176303, '+51.051', 14, 55, '1:21.229', 217.562);
INSERT INTO public.results_2024 VALUES (138, 7, 'bottas', 'sauber', 77, 18, '18', 0, 16, 62, NULL, 5181595, '+56.343', 18, 11, '1:21.455', 216.959);
INSERT INTO public.results_2024 VALUES (139, 7, 'alonso', 'aston_martin', 14, 19, '19', 0, 20, 62, NULL, 5200376, '+1:15.124', 2, 62, '1:19.004', 223.689);
INSERT INTO public.results_2024 VALUES (140, 7, 'albon', 'williams', 23, 20, 'R', 0, 14, 51, NULL, NULL, NULL, 15, 48, '1:21.274', 217.442);
INSERT INTO public.results_2024 VALUES (141, 8, 'leclerc', 'ferrari', 16, 1, '1', 25, 1, 78, NULL, 8595554, '2:23:15.554', 6, 71, '1:15.162', NULL);
INSERT INTO public.results_2024 VALUES (142, 8, 'piastri', 'mclaren', 81, 2, '2', 18, 2, 78, NULL, 8602706, '+7.152', 11, 73, '1:16.281', NULL);
INSERT INTO public.results_2024 VALUES (143, 8, 'sainz', 'ferrari', 55, 3, '3', 15, 3, 78, NULL, 8603139, '+7.585', 5, 62, '1:14.726', NULL);
INSERT INTO public.results_2024 VALUES (144, 8, 'norris', 'mclaren', 4, 4, '4', 12, 4, 78, NULL, 8604204, '+8.650', 10, 64, '1:15.742', NULL);
INSERT INTO public.results_2024 VALUES (145, 8, 'russell', 'mercedes', 63, 5, '5', 10, 5, 78, NULL, 8608863, '+13.309', 7, 73, '1:15.228', NULL);
INSERT INTO public.results_2024 VALUES (146, 8, 'max_verstappen', 'red_bull', 1, 6, '6', 8, 6, 78, NULL, 8609407, '+13.853', 2, 58, '1:14.569', NULL);
INSERT INTO public.results_2024 VALUES (147, 8, 'hamilton', 'mercedes', 44, 7, '7', 7, 7, 78, NULL, 8610462, '+14.908', 1, 63, '1:14.165', NULL);
INSERT INTO public.results_2024 VALUES (148, 8, 'tsunoda', 'rb', 22, 8, '8', 4, 8, 77, NULL, 8635041, '+39.487', 4, 77, '1:14.720', NULL);
INSERT INTO public.results_2024 VALUES (149, 8, 'albon', 'williams', 23, 9, '9', 2, 9, 77, NULL, 8649606, '+54.052', 14, 77, '1:17.060', NULL);
INSERT INTO public.results_2024 VALUES (150, 8, 'gasly', 'alpine', 10, 10, '10', 1, 10, 77, NULL, 8655795, '+1:00.241', 9, 77, '1:15.625', NULL);
INSERT INTO public.results_2024 VALUES (151, 8, 'alonso', 'aston_martin', 14, 11, '11', 0, 14, 76, NULL, 8599408, '+3.854', 16, 68, '1:17.939', NULL);
INSERT INTO public.results_2024 VALUES (152, 8, 'ricciardo', 'rb', 3, 12, '12', 0, 12, 76, NULL, 8599818, '+4.264', 15, 46, '1:17.172', NULL);
INSERT INTO public.results_2024 VALUES (153, 8, 'bottas', 'sauber', 77, 13, '13', 0, 17, 76, NULL, 8600042, '+4.488', 12, 17, '1:16.561', NULL);
INSERT INTO public.results_2024 VALUES (154, 8, 'stroll', 'aston_martin', 18, 14, '14', 0, 13, 76, NULL, 8601521, '+5.967', 13, 59, '1:16.710', NULL);
INSERT INTO public.results_2024 VALUES (155, 8, 'sargeant', 'williams', 2, 15, '15', 0, 15, 76, NULL, 8604580, '+9.026', 8, 62, '1:15.525', NULL);
INSERT INTO public.results_2024 VALUES (156, 8, 'zhou', 'sauber', 24, 16, '16', 0, 18, 76, NULL, 8650814, '+55.260', 3, 75, '1:14.718', NULL);
INSERT INTO public.results_2024 VALUES (157, 8, 'ocon', 'alpine', 31, 17, 'R', 0, 11, 0, NULL, NULL, NULL, NULL, NULL, NULL, NULL);
INSERT INTO public.results_2024 VALUES (158, 8, 'perez', 'red_bull', 11, 18, 'R', 0, 16, 0, NULL, NULL, NULL, NULL, NULL, NULL, NULL);
INSERT INTO public.results_2024 VALUES (159, 8, 'hulkenberg', 'haas', 27, 19, 'R', 0, 19, 0, NULL, NULL, NULL, NULL, NULL, NULL, NULL);
INSERT INTO public.results_2024 VALUES (160, 8, 'kevin_magnussen', 'haas', 20, 20, 'R', 0, 20, 0, NULL, NULL, NULL, NULL, NULL, NULL, NULL);
INSERT INTO public.results_2024 VALUES (161, 9, 'max_verstappen', 'red_bull', 1, 1, '1', 25, 2, 70, NULL, 6347927, '1:45:47.927', 4, 70, '1:15.569', 207.751);
INSERT INTO public.results_2024 VALUES (162, 9, 'norris', 'mclaren', 4, 2, '2', 18, 3, 70, NULL, 6351806, '+3.879', 3, 67, '1:15.558', 207.782);
INSERT INTO public.results_2024 VALUES (163, 9, 'russell', 'mercedes', 63, 3, '3', 15, 1, 70, NULL, 6352244, '+4.317', 2, 70, '1:14.895', 209.621);
INSERT INTO public.results_2024 VALUES (164, 9, 'hamilton', 'mercedes', 44, 4, '4', 13, 7, 70, NULL, 6352842, '+4.915', 1, 70, '1:14.856', 209.73);
INSERT INTO public.results_2024 VALUES (165, 9, 'piastri', 'mclaren', 81, 5, '5', 10, 4, 70, NULL, 6358126, '+10.199', 5, 65, '1:16.247', 205.904);
INSERT INTO public.results_2024 VALUES (166, 9, 'alonso', 'aston_martin', 14, 6, '6', 8, 6, 70, NULL, 6365437, '+17.510', 6, 70, '1:16.303', 205.753);
INSERT INTO public.results_2024 VALUES (167, 9, 'stroll', 'aston_martin', 18, 7, '7', 6, 9, 70, NULL, 6371552, '+23.625', 9, 70, '1:16.762', 204.523);
INSERT INTO public.results_2024 VALUES (168, 9, 'ricciardo', 'rb', 3, 8, '8', 4, 5, 70, NULL, 6376599, '+28.672', 12, 68, '1:17.076', 203.689);
INSERT INTO public.results_2024 VALUES (169, 9, 'gasly', 'alpine', 10, 9, '9', 2, 15, 70, NULL, 6377948, '+30.021', 11, 70, '1:17.013', 203.856);
INSERT INTO public.results_2024 VALUES (170, 9, 'ocon', 'alpine', 31, 10, '10', 1, 18, 70, NULL, 6378240, '+30.313', 10, 70, '1:17.012', 203.859);
INSERT INTO public.results_2024 VALUES (171, 9, 'hulkenberg', 'haas', 27, 11, '11', 0, 17, 70, NULL, 6378751, '+30.824', 8, 67, '1:16.683', 204.733);
INSERT INTO public.results_2024 VALUES (172, 9, 'kevin_magnussen', 'haas', 20, 12, '12', 0, 14, 70, NULL, 6379180, '+31.253', 7, 68, '1:16.499', 205.226);
INSERT INTO public.results_2024 VALUES (173, 9, 'bottas', 'sauber', 77, 13, '13', 0, 19, 70, NULL, 6388414, '+40.487', 13, 65, '1:17.250', 203.231);
INSERT INTO public.results_2024 VALUES (174, 9, 'tsunoda', 'rb', 22, 14, '14', 0, 8, 70, NULL, 6400621, '+52.694', 14, 70, '1:17.309', 203.075);
INSERT INTO public.results_2024 VALUES (175, 9, 'zhou', 'sauber', 24, 15, '15', 0, 20, 69, NULL, 6401455, '+53.528', 15, 68, '1:17.325', 203.033);
INSERT INTO public.results_2024 VALUES (176, 9, 'sainz', 'ferrari', 55, 16, 'R', 0, 12, 52, NULL, NULL, NULL, 17, 51, '1:18.957', 198.837);
INSERT INTO public.results_2024 VALUES (177, 9, 'albon', 'williams', 23, 17, 'R', 0, 10, 52, NULL, NULL, NULL, 18, 51, '1:19.359', 197.83);
INSERT INTO public.results_2024 VALUES (178, 9, 'perez', 'red_bull', 11, 18, 'R', 0, 16, 51, NULL, NULL, NULL, 16, 51, '1:18.819', 199.185);
INSERT INTO public.results_2024 VALUES (179, 9, 'leclerc', 'ferrari', 16, 19, 'R', 0, 11, 40, NULL, NULL, NULL, 19, 39, '1:26.012', 182.528);
INSERT INTO public.results_2024 VALUES (180, 9, 'sargeant', 'williams', 2, 20, 'R', 0, 13, 23, NULL, NULL, NULL, 20, 19, '1:26.484', 181.531);
INSERT INTO public.results_2024 VALUES (181, 10, 'max_verstappen', 'red_bull', 1, 1, '1', 25, 2, 66, NULL, 5300227, '1:28:20.227', 2, 54, '1:17.776', 215.557);
INSERT INTO public.results_2024 VALUES (182, 10, 'norris', 'mclaren', 4, 2, '2', 19, 1, 66, NULL, 5302446, '+2.219', 1, 51, '1:17.115', 217.405);
INSERT INTO public.results_2024 VALUES (183, 10, 'hamilton', 'mercedes', 44, 3, '3', 15, 3, 66, NULL, 5318017, '+17.790', 4, 46, '1:17.809', 215.466);
INSERT INTO public.results_2024 VALUES (184, 10, 'russell', 'mercedes', 63, 4, '4', 12, 4, 66, NULL, 5322547, '+22.320', 7, 50, '1:18.290', 214.142);
INSERT INTO public.results_2024 VALUES (185, 10, 'leclerc', 'ferrari', 16, 5, '5', 10, 5, 66, NULL, 5322936, '+22.709', 6, 52, '1:17.897', 215.222);
INSERT INTO public.results_2024 VALUES (186, 10, 'sainz', 'ferrari', 55, 6, '6', 8, 6, 66, NULL, 5331255, '+31.028', 9, 39, '1:18.539', 213.463);
INSERT INTO public.results_2024 VALUES (187, 10, 'piastri', 'mclaren', 81, 7, '7', 6, 9, 66, NULL, 5333987, '+33.760', 5, 56, '1:17.874', 215.286);
INSERT INTO public.results_2024 VALUES (188, 10, 'perez', 'red_bull', 11, 8, '8', 4, 11, 66, NULL, 5359751, '+59.524', 3, 51, '1:17.785', 215.532);
INSERT INTO public.results_2024 VALUES (189, 10, 'gasly', 'alpine', 10, 9, '9', 2, 7, 66, NULL, 5362252, '+1:02.025', 13, 51, '1:19.045', 212.096);
INSERT INTO public.results_2024 VALUES (190, 10, 'ocon', 'alpine', 31, 10, '10', 1, 8, 66, NULL, 5372116, '+1:11.889', 12, 54, '1:18.982', 212.266);
INSERT INTO public.results_2024 VALUES (191, 10, 'hulkenberg', 'haas', 27, 11, '11', 0, 13, 66, NULL, 5379442, '+1:19.215', 10, 49, '1:18.609', 213.273);
INSERT INTO public.results_2024 VALUES (192, 10, 'alonso', 'aston_martin', 14, 12, '12', 0, 10, 65, NULL, 5309724, '+9.497', 8, 50, '1:18.334', 214.022);
INSERT INTO public.results_2024 VALUES (193, 10, 'zhou', 'sauber', 24, 13, '13', 0, 15, 65, NULL, 5315703, '+15.476', 11, 50, '1:18.771', 212.834);
INSERT INTO public.results_2024 VALUES (194, 10, 'stroll', 'aston_martin', 18, 14, '14', 0, 14, 65, NULL, 5325479, '+25.252', 15, 50, '1:19.318', 211.366);
INSERT INTO public.results_2024 VALUES (195, 10, 'ricciardo', 'rb', 3, 15, '15', 0, 18, 65, NULL, 5344277, '+44.050', 17, 61, '1:19.450', 211.015);
INSERT INTO public.results_2024 VALUES (196, 10, 'bottas', 'sauber', 77, 16, '16', 0, 12, 65, NULL, 5353540, '+53.313', 18, 13, '1:19.608', 210.596);
INSERT INTO public.results_2024 VALUES (197, 10, 'kevin_magnussen', 'haas', 20, 17, '17', 0, 16, 65, NULL, 5355015, '+54.788', 19, 33, '1:19.805', 210.077);
INSERT INTO public.results_2024 VALUES (198, 10, 'albon', 'williams', 23, 18, '18', 0, 20, 65, NULL, 5358376, '+58.149', 14, 45, '1:19.132', 211.863);
INSERT INTO public.results_2024 VALUES (199, 10, 'tsunoda', 'rb', 22, 19, '19', 0, 17, 65, NULL, 5369131, '+1:08.904', 16, 56, '1:19.447', 211.023);
INSERT INTO public.results_2024 VALUES (200, 10, 'sargeant', 'williams', 2, 20, '20', 0, 19, 64, NULL, 5305093, '+4.866', 20, 38, '1:20.172', 209.115);
INSERT INTO public.results_2024 VALUES (201, 11, 'russell', 'mercedes', 63, 1, '1', 25, 3, 71, NULL, 5062798, '1:24:22.798', 5, 48, '1:09.164', 224.752);
INSERT INTO public.results_2024 VALUES (202, 11, 'piastri', 'mclaren', 81, 2, '2', 18, 7, 71, NULL, 5064704, '+1.906', 4, 56, '1:08.697', 226.28);
INSERT INTO public.results_2024 VALUES (203, 11, 'sainz', 'ferrari', 55, 3, '3', 15, 4, 71, NULL, 5067331, '+4.533', 6, 56, '1:09.282', 224.369);
INSERT INTO public.results_2024 VALUES (204, 11, 'hamilton', 'mercedes', 44, 4, '4', 12, 5, 71, NULL, 5085940, '+23.142', 7, 61, '1:09.562', 223.466);
INSERT INTO public.results_2024 VALUES (205, 11, 'max_verstappen', 'red_bull', 1, 5, '5', 10, 1, 71, NULL, 5100051, '+37.253', 2, 68, '1:07.719', 229.548);
INSERT INTO public.results_2024 VALUES (206, 11, 'hulkenberg', 'haas', 27, 6, '6', 8, 9, 71, NULL, 5116886, '+54.088', 14, 51, '1:10.215', 221.388);
INSERT INTO public.results_2024 VALUES (207, 11, 'perez', 'red_bull', 11, 7, '7', 6, 8, 71, NULL, 5117470, '+54.672', 11, 56, '1:09.694', 223.043);
INSERT INTO public.results_2024 VALUES (208, 11, 'kevin_magnussen', 'haas', 20, 8, '8', 4, 12, 71, NULL, 5123153, '+1:00.355', 12, 45, '1:10.125', 221.672);
INSERT INTO public.results_2024 VALUES (209, 11, 'ricciardo', 'rb', 3, 9, '9', 2, 11, 71, NULL, 5123967, '+1:01.169', 18, 49, '1:10.426', 220.725);
INSERT INTO public.results_2024 VALUES (210, 11, 'gasly', 'alpine', 10, 10, '10', 1, 13, 71, NULL, 5124564, '+1:01.766', 9, 45, '1:09.609', 223.315);
INSERT INTO public.results_2024 VALUES (211, 11, 'leclerc', 'ferrari', 16, 11, '11', 0, 6, 71, NULL, 5129854, '+1:07.056', 8, 55, '1:09.584', 223.396);
INSERT INTO public.results_2024 VALUES (212, 11, 'ocon', 'alpine', 31, 12, '12', 0, 10, 71, NULL, 5131123, '+1:08.325', 10, 45, '1:09.649', 223.187);
INSERT INTO public.results_2024 VALUES (213, 11, 'stroll', 'aston_martin', 18, 13, '13', 0, 17, 70, NULL, 5073032, '+10.234', 13, 54, '1:10.143', 221.615);
INSERT INTO public.results_2024 VALUES (214, 11, 'tsunoda', 'rb', 22, 14, '14', 0, 14, 70, NULL, 5075943, '+13.145', 15, 54, '1:10.318', 221.064);
INSERT INTO public.results_2024 VALUES (215, 11, 'albon', 'williams', 23, 15, '15', 0, 16, 70, NULL, 5078664, '+15.866', 16, 41, '1:10.364', 220.919);
INSERT INTO public.results_2024 VALUES (216, 11, 'bottas', 'sauber', 77, 16, '16', 0, 18, 70, NULL, 5082173, '+19.375', 19, 48, '1:10.449', 220.653);
INSERT INTO public.results_2024 VALUES (217, 11, 'zhou', 'sauber', 24, 17, '17', 0, 20, 70, NULL, 5107680, '+44.882', 20, 54, '1:10.470', 220.587);
INSERT INTO public.results_2024 VALUES (218, 11, 'alonso', 'aston_martin', 14, 18, '18', 0, 15, 70, NULL, 5110458, '+47.660', 1, 70, '1:07.694', 229.633);
INSERT INTO public.results_2024 VALUES (219, 11, 'sargeant', 'williams', 2, 19, '19', 0, 19, 69, NULL, 5069107, '+6.309', 17, 60, '1:10.406', 220.788);
INSERT INTO public.results_2024 VALUES (220, 11, 'norris', 'mclaren', 4, 20, '20', 0, 2, 64, NULL, 4596054, '+-1:52:13.256', 3, 53, '1:08.016', 228.546);
INSERT INTO public.results_2024 VALUES (221, 12, 'hamilton', 'mercedes', 44, 1, '1', 25, 2, 52, NULL, 4947059, '1:22:27.059', 5, 45, '1:29.438', 237.12);
INSERT INTO public.results_2024 VALUES (222, 12, 'max_verstappen', 'red_bull', 1, 2, '2', 18, 4, 52, NULL, 4948524, '+1.465', 3, 48, '1:28.952', 238.416);
INSERT INTO public.results_2024 VALUES (223, 12, 'norris', 'mclaren', 4, 3, '3', 15, 3, 52, NULL, 4954606, '+7.547', 4, 43, '1:29.262', 237.588);
INSERT INTO public.results_2024 VALUES (224, 12, 'piastri', 'mclaren', 81, 4, '4', 12, 5, 52, NULL, 4959488, '+12.429', 2, 51, '1:28.748', 238.964);
INSERT INTO public.results_2024 VALUES (225, 12, 'sainz', 'ferrari', 55, 5, '5', 11, 7, 52, NULL, 4994377, '+47.318', 1, 52, '1:28.293', 240.195);
INSERT INTO public.results_2024 VALUES (226, 12, 'hulkenberg', 'haas', 27, 6, '6', 8, 6, 52, NULL, 5002781, '+55.722', 10, 43, '1:29.836', 236.07);
INSERT INTO public.results_2024 VALUES (227, 12, 'stroll', 'aston_martin', 18, 7, '7', 6, 8, 52, NULL, 5003628, '+56.569', 11, 46, '1:29.897', 235.909);
INSERT INTO public.results_2024 VALUES (228, 12, 'alonso', 'aston_martin', 14, 8, '8', 4, 10, 52, NULL, 5010636, '+1:03.577', 7, 47, '1:29.710', 236.401);
INSERT INTO public.results_2024 VALUES (229, 12, 'albon', 'williams', 23, 9, '9', 2, 9, 52, NULL, 5015446, '+1:08.387', 8, 52, '1:29.718', 236.38);
INSERT INTO public.results_2024 VALUES (230, 12, 'tsunoda', 'rb', 22, 10, '10', 1, 13, 52, NULL, 5026362, '+1:19.303', 14, 43, '1:30.229', 235.041);
INSERT INTO public.results_2024 VALUES (231, 12, 'sargeant', 'williams', 2, 11, '11', 0, 12, 52, NULL, 5036019, '+1:28.960', 12, 42, '1:29.972', 235.713);
INSERT INTO public.results_2024 VALUES (232, 12, 'kevin_magnussen', 'haas', 20, 12, '12', 0, 17, 52, NULL, 5037212, '+1:30.153', 13, 42, '1:30.093', 235.396);
INSERT INTO public.results_2024 VALUES (233, 12, 'ricciardo', 'rb', 3, 13, '13', 0, 15, 51, NULL, 4956996, '+9.937', 15, 47, '1:30.735', 233.731);
INSERT INTO public.results_2024 VALUES (234, 12, 'leclerc', 'ferrari', 16, 14, '14', 0, 11, 51, NULL, 4987532, '+40.473', 9, 43, '1:29.748', 236.301);
INSERT INTO public.results_2024 VALUES (235, 12, 'bottas', 'sauber', 77, 15, '15', 0, 16, 51, NULL, 4988880, '+41.821', 18, 44, '1:31.277', 232.343);
INSERT INTO public.results_2024 VALUES (236, 12, 'ocon', 'alpine', 31, 16, '16', 0, 18, 50, NULL, 4957741, '+10.682', 16, 46, '1:30.875', 233.371);
INSERT INTO public.results_2024 VALUES (237, 12, 'perez', 'red_bull', 11, 17, '17', 0, 20, 50, NULL, 4965064, '+18.005', 6, 50, '1:29.707', 236.409);
INSERT INTO public.results_2024 VALUES (238, 12, 'zhou', 'sauber', 24, 18, '18', 0, 14, 50, NULL, 5001535, '+54.476', 17, 43, '1:31.014', 233.014);
INSERT INTO public.results_2024 VALUES (239, 12, 'russell', 'mercedes', 63, 19, 'R', 0, 1, 33, NULL, NULL, NULL, 19, 3, '1:31.298', 232.289);
INSERT INTO public.results_2024 VALUES (240, 12, 'gasly', 'alpine', 10, 20, 'W', 0, 19, 0, NULL, NULL, NULL, NULL, NULL, NULL, NULL);
INSERT INTO public.results_2024 VALUES (241, 13, 'piastri', 'mclaren', 81, 1, '1', 25, 2, 70, NULL, 5881989, '1:38:01.989', 8, 51, '1:21.716', 193.005);
INSERT INTO public.results_2024 VALUES (242, 13, 'norris', 'mclaren', 4, 2, '2', 18, 1, 70, NULL, 5884130, '+2.141', 7, 50, '1:21.712', 193.014);
INSERT INTO public.results_2024 VALUES (243, 13, 'hamilton', 'mercedes', 44, 3, '3', 15, 5, 70, NULL, 5896869, '+14.880', 9, 54, '1:22.153', 191.978);
INSERT INTO public.results_2024 VALUES (244, 13, 'leclerc', 'ferrari', 16, 4, '4', 12, 6, 70, NULL, 5901675, '+19.686', 10, 29, '1:22.182', 191.91);
INSERT INTO public.results_2024 VALUES (245, 13, 'max_verstappen', 'red_bull', 1, 5, '5', 10, 3, 70, NULL, 5903338, '+21.349', 3, 51, '1:20.908', 194.932);
INSERT INTO public.results_2024 VALUES (246, 13, 'sainz', 'ferrari', 55, 6, '6', 8, 4, 70, NULL, 5905062, '+23.073', 5, 53, '1:21.441', 193.656);
INSERT INTO public.results_2024 VALUES (247, 13, 'perez', 'red_bull', 11, 7, '7', 6, 16, 70, NULL, 5921781, '+39.792', 4, 49, '1:21.096', 194.48);
INSERT INTO public.results_2024 VALUES (248, 13, 'russell', 'mercedes', 63, 8, '8', 5, 17, 70, NULL, 5924357, '+42.368', 1, 55, '1:20.305', 196.396);
INSERT INTO public.results_2024 VALUES (249, 13, 'tsunoda', 'rb', 22, 9, '9', 2, 10, 70, NULL, 5959248, '+1:17.259', 18, 57, '1:23.533', 188.806);
INSERT INTO public.results_2024 VALUES (250, 13, 'stroll', 'aston_martin', 18, 10, '10', 1, 8, 70, NULL, 5959965, '+1:17.976', 11, 48, '1:22.338', 191.547);
INSERT INTO public.results_2024 VALUES (251, 13, 'alonso', 'aston_martin', 14, 11, '11', 0, 7, 70, NULL, 5964449, '+1:22.460', 14, 52, '1:23.063', 189.875);
INSERT INTO public.results_2024 VALUES (252, 13, 'ricciardo', 'rb', 3, 12, '12', 0, 9, 69, NULL, 5899913, '+17.924', 12, 30, '1:22.640', 190.847);
INSERT INTO public.results_2024 VALUES (253, 13, 'hulkenberg', 'haas', 27, 13, '13', 0, 11, 69, NULL, 5915173, '+33.184', 16, 54, '1:23.461', 188.969);
INSERT INTO public.results_2024 VALUES (254, 13, 'albon', 'williams', 23, 14, '14', 0, 13, 69, NULL, 5918758, '+36.769', 20, 31, '1:23.930', 187.913);
INSERT INTO public.results_2024 VALUES (255, 13, 'kevin_magnussen', 'haas', 20, 15, '15', 0, 15, 69, NULL, 5927291, '+45.302', 19, 50, '1:23.553', 188.761);
INSERT INTO public.results_2024 VALUES (256, 13, 'bottas', 'sauber', 77, 16, '16', 0, 12, 69, NULL, 5927398, '+45.409', 13, 52, '1:22.792', 190.496);
INSERT INTO public.results_2024 VALUES (257, 13, 'sargeant', 'williams', 2, 17, '17', 0, 14, 69, NULL, 5934580, '+52.591', 2, 65, '1:20.561', 195.772);
INSERT INTO public.results_2024 VALUES (258, 13, 'ocon', 'alpine', 31, 18, '18', 0, 19, 69, NULL, 5942918, '+1:00.929', 6, 66, '1:21.610', 193.255);
INSERT INTO public.results_2024 VALUES (259, 13, 'zhou', 'sauber', 24, 19, '19', 0, 18, 69, NULL, 5945587, '+1:03.598', 17, 38, '1:23.487', 188.91);
INSERT INTO public.results_2024 VALUES (260, 13, 'gasly', 'alpine', 10, 20, 'R', 0, 20, 33, NULL, NULL, NULL, 15, 31, '1:23.340', 189.244);
INSERT INTO public.results_2024 VALUES (261, 14, 'hamilton', 'mercedes', 44, 1, '1', 25, 3, 44, NULL, 4797566, '1:19:57.566', 6, 33, '1:46.653', 236.415);
INSERT INTO public.results_2024 VALUES (262, 14, 'piastri', 'mclaren', 81, 2, '2', 18, 5, 44, NULL, 4798213, '+0.647', 3, 32, '1:45.840', 238.231);
INSERT INTO public.results_2024 VALUES (263, 14, 'leclerc', 'ferrari', 16, 3, '3', 15, 1, 44, NULL, 4805589, '+8.023', 8, 33, '1:47.013', 235.619);
INSERT INTO public.results_2024 VALUES (264, 14, 'max_verstappen', 'red_bull', 1, 4, '4', 12, 11, 44, NULL, 4806266, '+8.700', 4, 32, '1:46.128', 237.584);
INSERT INTO public.results_2024 VALUES (265, 14, 'norris', 'mclaren', 4, 5, '5', 10, 4, 44, NULL, 4806890, '+9.324', 2, 31, '1:45.563', 238.856);
INSERT INTO public.results_2024 VALUES (266, 14, 'sainz', 'ferrari', 55, 6, '6', 8, 7, 44, NULL, 4816835, '+19.269', 5, 44, '1:46.364', 237.057);
INSERT INTO public.results_2024 VALUES (267, 14, 'perez', 'red_bull', 11, 7, '7', 7, 2, 44, NULL, 4840235, '+42.669', 1, 44, '1:44.701', 240.822);
INSERT INTO public.results_2024 VALUES (268, 14, 'alonso', 'aston_martin', 14, 8, '8', 4, 8, 44, NULL, 4847003, '+49.437', 17, 42, '1:48.051', 233.356);
INSERT INTO public.results_2024 VALUES (269, 14, 'ocon', 'alpine', 31, 9, '9', 2, 9, 44, NULL, 4849592, '+52.026', 7, 43, '1:46.957', 235.743);
INSERT INTO public.results_2024 VALUES (270, 14, 'ricciardo', 'rb', 3, 10, '10', 1, 13, 44, NULL, 4851966, '+54.400', 12, 37, '1:47.435', 234.694);
INSERT INTO public.results_2024 VALUES (271, 14, 'stroll', 'aston_martin', 18, 11, '11', 0, 15, 44, NULL, 4860051, '+1:02.485', 18, 44, '1:48.105', 233.239);
INSERT INTO public.results_2024 VALUES (272, 14, 'albon', 'williams', 23, 12, '12', 0, 10, 44, NULL, 4860691, '+1:03.125', 16, 44, '1:47.996', 233.475);
INSERT INTO public.results_2024 VALUES (273, 14, 'gasly', 'alpine', 10, 13, '13', 0, 12, 44, NULL, 4861405, '+1:03.839', 11, 30, '1:47.418', 234.731);
INSERT INTO public.results_2024 VALUES (274, 14, 'kevin_magnussen', 'haas', 20, 14, '14', 0, 17, 44, NULL, 4863671, '+1:06.105', 14, 44, '1:47.848', 233.795);
INSERT INTO public.results_2024 VALUES (275, 14, 'bottas', 'sauber', 77, 15, '15', 0, 14, 44, NULL, 4867678, '+1:10.112', 9, 37, '1:47.019', 235.606);
INSERT INTO public.results_2024 VALUES (276, 14, 'tsunoda', 'rb', 22, 16, '16', 0, 20, 44, NULL, 4873777, '+1:16.211', 15, 44, '1:47.969', 233.533);
INSERT INTO public.results_2024 VALUES (277, 14, 'sargeant', 'williams', 2, 17, '17', 0, 18, 44, NULL, 4883097, '+1:25.531', 13, 43, '1:47.490', 234.574);
INSERT INTO public.results_2024 VALUES (278, 14, 'hulkenberg', 'haas', 27, 18, '18', 0, 16, 44, NULL, 4885873, '+1:28.307', 19, 44, '1:48.954', 231.422);
INSERT INTO public.results_2024 VALUES (279, 14, 'zhou', 'sauber', 24, 19, 'R', 0, 19, 5, NULL, NULL, NULL, 20, 2, '1:52.099', 224.929);
INSERT INTO public.results_2024 VALUES (280, 14, 'russell', 'mercedes', 63, 20, '20', 0, 6, 44, NULL, 4797040, '+-1:59:59.474', 10, 44, '1:47.113', 235.399);
INSERT INTO public.results_2024 VALUES (281, 15, 'norris', 'mclaren', 4, 1, '1', 26, 1, 72, NULL, 5445519, '1:30:45.519', 1, 72, '1:13.817', 207.708);
INSERT INTO public.results_2024 VALUES (282, 15, 'max_verstappen', 'red_bull', 1, 2, '2', 18, 2, 72, NULL, 5468415, '+22.896', 9, 30, '1:14.752', 205.11);
INSERT INTO public.results_2024 VALUES (283, 15, 'leclerc', 'ferrari', 16, 3, '3', 15, 6, 72, NULL, 5470958, '+25.439', 7, 62, '1:14.585', 205.569);
INSERT INTO public.results_2024 VALUES (284, 15, 'piastri', 'mclaren', 81, 4, '4', 12, 3, 72, NULL, 5472856, '+27.337', 5, 36, '1:14.237', 206.533);
INSERT INTO public.results_2024 VALUES (285, 15, 'sainz', 'ferrari', 55, 5, '5', 10, 10, 72, NULL, 5477656, '+32.137', 4, 40, '1:14.117', 206.867);
INSERT INTO public.results_2024 VALUES (286, 15, 'perez', 'red_bull', 11, 6, '6', 8, 5, 72, NULL, 5485061, '+39.542', 8, 69, '1:14.587', 205.563);
INSERT INTO public.results_2024 VALUES (287, 15, 'russell', 'mercedes', 63, 7, '7', 6, 4, 72, NULL, 5490136, '+44.617', 3, 57, '1:13.927', 207.399);
INSERT INTO public.results_2024 VALUES (288, 15, 'hamilton', 'mercedes', 44, 8, '8', 4, 14, 72, NULL, 5495118, '+49.599', 2, 62, '1:13.878', 207.536);
INSERT INTO public.results_2024 VALUES (289, 15, 'gasly', 'alpine', 10, 9, '9', 2, 9, 71, NULL, 5454123, '+8.604', 11, 54, '1:14.855', 204.828);
INSERT INTO public.results_2024 VALUES (290, 15, 'alonso', 'aston_martin', 14, 10, '10', 1, 7, 71, NULL, 5459052, '+13.533', 10, 34, '1:14.758', 205.093);
INSERT INTO public.results_2024 VALUES (291, 15, 'hulkenberg', 'haas', 27, 11, '11', 0, 12, 71, NULL, 5464733, '+19.214', 18, 59, '1:15.657', 202.656);
INSERT INTO public.results_2024 VALUES (292, 15, 'ricciardo', 'rb', 3, 12, '12', 0, 13, 71, NULL, 5466586, '+21.067', 13, 52, '1:15.222', 203.828);
INSERT INTO public.results_2024 VALUES (293, 15, 'stroll', 'aston_martin', 18, 13, '13', 0, 8, 71, NULL, 5471231, '+25.712', 14, 51, '1:15.255', 203.739);
INSERT INTO public.results_2024 VALUES (294, 15, 'albon', 'williams', 23, 14, '14', 0, 19, 71, NULL, 5486230, '+40.711', 6, 71, '1:14.434', 205.986);
INSERT INTO public.results_2024 VALUES (295, 15, 'ocon', 'alpine', 31, 15, '15', 0, 15, 71, NULL, 5492397, '+46.878', 15, 50, '1:15.390', 203.374);
INSERT INTO public.results_2024 VALUES (296, 15, 'sargeant', 'williams', 2, 16, '16', 0, 18, 71, NULL, 5510058, '+1:04.539', 16, 26, '1:15.539', 202.973);
INSERT INTO public.results_2024 VALUES (297, 15, 'tsunoda', 'rb', 22, 17, '17', 0, 11, 71, NULL, 5510665, '+1:05.146', 17, 16, '1:15.552', 202.938);
INSERT INTO public.results_2024 VALUES (298, 15, 'kevin_magnussen', 'haas', 20, 18, '18', 0, 20, 71, NULL, 5511226, '+1:05.707', 12, 42, '1:14.954', 204.557);
INSERT INTO public.results_2024 VALUES (299, 15, 'bottas', 'sauber', 77, 19, '19', 0, 16, 70, NULL, 5448767, '+3.248', 20, 45, '1:15.822', 202.215);
INSERT INTO public.results_2024 VALUES (300, 15, 'zhou', 'sauber', 24, 20, '20', 0, 17, 70, NULL, 5481538, '+36.019', 19, 67, '1:15.724', 202.477);
INSERT INTO public.results_2024 VALUES (301, 16, 'leclerc', 'ferrari', 16, 1, '1', 25, 4, 53, NULL, 4480727, '1:14:40.727', 10, 33, '1:23.226', 250.58);
INSERT INTO public.results_2024 VALUES (302, 16, 'piastri', 'mclaren', 81, 2, '2', 18, 2, 53, NULL, 4483391, '+2.664', 4, 53, '1:21.943', 254.503);
INSERT INTO public.results_2024 VALUES (303, 16, 'norris', 'mclaren', 4, 3, '3', 16, 1, 53, NULL, 4486880, '+6.153', 1, 53, '1:21.432', 256.1);
INSERT INTO public.results_2024 VALUES (304, 16, 'sainz', 'ferrari', 55, 4, '4', 12, 5, 53, NULL, 4496348, '+15.621', 9, 53, '1:23.219', 250.601);
INSERT INTO public.results_2024 VALUES (305, 16, 'hamilton', 'mercedes', 44, 5, '5', 10, 6, 53, NULL, 4503547, '+22.820', 2, 53, '1:21.512', 255.849);
INSERT INTO public.results_2024 VALUES (306, 16, 'max_verstappen', 'red_bull', 1, 6, '6', 8, 7, 53, NULL, 4518659, '+37.932', 3, 43, '1:21.745', 255.12);
INSERT INTO public.results_2024 VALUES (307, 16, 'russell', 'mercedes', 63, 7, '7', 6, 3, 53, NULL, 4520442, '+39.715', 5, 49, '1:22.036', 254.215);
INSERT INTO public.results_2024 VALUES (308, 16, 'perez', 'red_bull', 11, 8, '8', 4, 8, 53, NULL, 4534875, '+54.148', 8, 47, '1:22.971', 251.35);
INSERT INTO public.results_2024 VALUES (309, 16, 'albon', 'williams', 23, 9, '9', 2, 9, 53, NULL, 4548183, '+1:07.456', 16, 53, '1:23.918', 248.514);
INSERT INTO public.results_2024 VALUES (310, 16, 'kevin_magnussen', 'haas', 20, 10, '10', 1, 13, 53, NULL, 4549029, '+1:08.302', 12, 51, '1:23.437', 249.946);
INSERT INTO public.results_2024 VALUES (311, 16, 'alonso', 'aston_martin', 14, 11, '11', 0, 11, 53, NULL, 4549222, '+1:08.495', 7, 46, '1:22.944', 251.432);
INSERT INTO public.results_2024 VALUES (312, 16, 'colapinto', 'williams', 43, 12, '12', 0, 18, 53, NULL, 4562035, '+1:21.308', 14, 53, '1:23.728', 249.077);
INSERT INTO public.results_2024 VALUES (313, 16, 'ricciardo', 'rb', 3, 13, '13', 0, 12, 53, NULL, 4574179, '+1:33.452', 17, 52, '1:24.219', 247.625);
INSERT INTO public.results_2024 VALUES (314, 16, 'ocon', 'alpine', 31, 14, '14', 0, 15, 52, NULL, 4493386, '+12.659', 18, 52, '1:24.343', 247.261);
INSERT INTO public.results_2024 VALUES (315, 16, 'gasly', 'alpine', 10, 15, '15', 0, 14, 52, NULL, 4499071, '+18.344', 15, 51, '1:23.755', 248.997);
INSERT INTO public.results_2024 VALUES (316, 16, 'bottas', 'sauber', 77, 16, '16', 0, 19, 52, NULL, 4507938, '+27.211', 13, 52, '1:23.609', 249.432);
INSERT INTO public.results_2024 VALUES (317, 16, 'hulkenberg', 'haas', 27, 17, '17', 0, 10, 52, NULL, 4511597, '+30.870', 11, 44, '1:23.275', 250.432);
INSERT INTO public.results_2024 VALUES (318, 16, 'zhou', 'sauber', 24, 18, '18', 0, 20, 52, NULL, 4520782, '+40.055', 19, 17, '1:25.092', 245.085);
INSERT INTO public.results_2024 VALUES (319, 16, 'stroll', 'aston_martin', 18, 19, '19', 0, 17, 52, NULL, 4524235, '+43.508', 6, 52, '1:22.232', 253.609);
INSERT INTO public.results_2024 VALUES (320, 16, 'tsunoda', 'rb', 22, 20, 'R', 0, 16, 7, NULL, NULL, NULL, 20, 4, '1:26.198', 241.94);
INSERT INTO public.results_2024 VALUES (321, 17, 'piastri', 'mclaren', 81, 1, '1', 25, 2, 51, NULL, 5578007, '1:32:58.007', 9, 47, '1:47.060', 201.856);
INSERT INTO public.results_2024 VALUES (322, 17, 'leclerc', 'ferrari', 16, 2, '2', 18, 1, 51, NULL, 5588917, '+10.910', 10, 44, '1:47.067', 201.843);
INSERT INTO public.results_2024 VALUES (323, 17, 'russell', 'mercedes', 63, 3, '3', 15, 5, 51, NULL, 5609335, '+31.328', 2, 45, '1:46.628', 202.674);
INSERT INTO public.results_2024 VALUES (324, 17, 'norris', 'mclaren', 4, 4, '4', 13, 15, 51, NULL, 5614150, '+36.143', 1, 42, '1:45.255', 205.318);
INSERT INTO public.results_2024 VALUES (325, 17, 'max_verstappen', 'red_bull', 1, 5, '5', 10, 6, 51, NULL, 5655105, '+1:17.098', 3, 42, '1:46.798', 202.352);
INSERT INTO public.results_2024 VALUES (326, 17, 'alonso', 'aston_martin', 14, 6, '6', 8, 7, 51, NULL, 5663475, '+1:25.468', 8, 48, '1:47.057', 201.862);
INSERT INTO public.results_2024 VALUES (327, 17, 'albon', 'williams', 23, 7, '7', 6, 9, 51, NULL, 5665403, '+1:27.396', 5, 43, '1:46.947', 202.07);
INSERT INTO public.results_2024 VALUES (328, 17, 'colapinto', 'williams', 43, 8, '8', 4, 8, 51, NULL, 5667548, '+1:29.541', 12, 44, '1:47.274', 201.454);
INSERT INTO public.results_2024 VALUES (329, 17, 'hamilton', 'mercedes', 44, 9, '9', 2, 19, 51, NULL, 5670408, '+1:32.401', 11, 48, '1:47.236', 201.525);
INSERT INTO public.results_2024 VALUES (330, 17, 'bearman', 'haas', 50, 10, '10', 1, 10, 51, NULL, 5671134, '+1:33.127', 7, 47, '1:47.048', 201.879);
INSERT INTO public.results_2024 VALUES (331, 17, 'hulkenberg', 'haas', 27, 11, '11', 0, 12, 51, NULL, 5671472, '+1:33.465', 14, 42, '1:47.691', 200.674);
INSERT INTO public.results_2024 VALUES (332, 17, 'gasly', 'alpine', 10, 12, '12', 0, 18, 51, NULL, 5695196, '+1:57.189', 15, 47, '1:48.018', 200.066);
INSERT INTO public.results_2024 VALUES (333, 17, 'ricciardo', 'rb', 3, 13, '13', 0, 14, 51, NULL, 5724914, '+2:26.907', 17, 39, '1:48.380', 199.398);
INSERT INTO public.results_2024 VALUES (334, 17, 'zhou', 'sauber', 24, 14, '14', 0, 17, 51, NULL, 5726848, '+2:28.841', 13, 43, '1:47.644', 200.761);
INSERT INTO public.results_2024 VALUES (335, 17, 'ocon', 'alpine', 31, 15, '15', 0, 20, 50, NULL, 5599351, '+21.344', 19, 35, '1:48.831', 198.572);
INSERT INTO public.results_2024 VALUES (336, 17, 'bottas', 'sauber', 77, 16, '16', 0, 16, 50, NULL, 5603402, '+25.395', 18, 41, '1:48.418', 199.328);
INSERT INTO public.results_2024 VALUES (337, 17, 'perez', 'red_bull', 11, 17, '17', 0, 4, 49, NULL, 5321198, '+-1:55:43.191', 6, 46, '1:47.013', 201.945);
INSERT INTO public.results_2024 VALUES (338, 17, 'sainz', 'ferrari', 55, 18, '18', 0, 3, 49, NULL, 5321768, '+-1:55:43.761', 4, 46, '1:46.866', 202.223);
INSERT INTO public.results_2024 VALUES (339, 17, 'stroll', 'aston_martin', 18, 19, '19', 0, 13, 45, NULL, 5001080, '+-1:50:23.073', 16, 31, '1:48.148', 199.826);
INSERT INTO public.results_2024 VALUES (340, 17, 'tsunoda', 'rb', 22, 20, 'R', 0, 11, 14, NULL, NULL, NULL, 20, 8, '1:50.887', 194.89);
INSERT INTO public.results_2024 VALUES (341, 18, 'norris', 'mclaren', 4, 1, '1', 25, 1, 62, NULL, 6052571, '1:40:52.571', 2, 48, '1:34.925', 187.347);
INSERT INTO public.results_2024 VALUES (342, 18, 'max_verstappen', 'red_bull', 1, 2, '2', 18, 2, 62, NULL, 6073516, '+20.945', 5, 59, '1:35.967', 185.313);
INSERT INTO public.results_2024 VALUES (343, 18, 'piastri', 'mclaren', 81, 3, '3', 15, 5, 62, NULL, 6094394, '+41.823', 4, 48, '1:35.745', 185.743);
INSERT INTO public.results_2024 VALUES (344, 18, 'russell', 'mercedes', 63, 4, '4', 12, 4, 62, NULL, 6113611, '+1:01.040', 10, 30, '1:37.047', 183.251);
INSERT INTO public.results_2024 VALUES (345, 18, 'leclerc', 'ferrari', 16, 5, '5', 10, 9, 62, NULL, 6115001, '+1:02.430', 3, 46, '1:35.371', 186.471);
INSERT INTO public.results_2024 VALUES (346, 18, 'hamilton', 'mercedes', 44, 6, '6', 8, 3, 62, NULL, 6137819, '+1:25.248', 12, 43, '1:37.393', 182.6);
INSERT INTO public.results_2024 VALUES (347, 18, 'sainz', 'ferrari', 55, 7, '7', 6, 10, 62, NULL, 6148610, '+1:36.039', 7, 15, '1:36.561', 184.173);
INSERT INTO public.results_2024 VALUES (348, 18, 'alonso', 'aston_martin', 14, 8, '8', 4, 7, 61, NULL, 6053444, '+0.873', 18, 54, '1:37.741', 181.95);
INSERT INTO public.results_2024 VALUES (349, 18, 'hulkenberg', 'haas', 27, 9, '9', 2, 6, 61, NULL, 6055711, '+3.140', 15, 35, '1:37.470', 182.456);
INSERT INTO public.results_2024 VALUES (350, 18, 'perez', 'red_bull', 11, 10, '10', 1, 13, 61, NULL, 6057195, '+4.624', 16, 33, '1:37.477', 182.443);
INSERT INTO public.results_2024 VALUES (351, 18, 'colapinto', 'williams', 43, 11, '11', 0, 12, 61, NULL, 6058855, '+6.284', 11, 35, '1:37.262', 182.846);
INSERT INTO public.results_2024 VALUES (352, 18, 'tsunoda', 'rb', 22, 12, '12', 0, 8, 61, NULL, 6061363, '+8.792', 6, 53, '1:36.393', 184.494);
INSERT INTO public.results_2024 VALUES (353, 18, 'ocon', 'alpine', 31, 13, '13', 0, 15, 61, NULL, 6096576, '+44.005', 20, 48, '1:37.964', 181.536);
INSERT INTO public.results_2024 VALUES (354, 18, 'stroll', 'aston_martin', 18, 14, '14', 0, 17, 61, NULL, 6100142, '+47.571', 19, 36, '1:37.851', 181.745);
INSERT INTO public.results_2024 VALUES (355, 18, 'zhou', 'sauber', 24, 15, '15', 0, 20, 61, NULL, 6109791, '+57.220', 14, 47, '1:37.461', 182.472);
INSERT INTO public.results_2024 VALUES (356, 18, 'bottas', 'sauber', 77, 16, '16', 0, 19, 61, NULL, 6110400, '+57.829', 17, 46, '1:37.524', 182.355);
INSERT INTO public.results_2024 VALUES (357, 18, 'gasly', 'alpine', 10, 17, '17', 0, 18, 61, NULL, 6111630, '+59.059', 9, 46, '1:36.927', 183.478);
INSERT INTO public.results_2024 VALUES (358, 18, 'ricciardo', 'rb', 3, 18, '18', 0, 16, 61, NULL, 6142367, '+1:29.796', 1, 60, '1:34.486', 188.218);
INSERT INTO public.results_2024 VALUES (359, 18, 'kevin_magnussen', 'haas', 20, 19, '19', 0, 14, 57, NULL, 5811906, '+-1:55:59.335', 13, 52, '1:37.425', 182.54);
INSERT INTO public.results_2024 VALUES (360, 18, 'albon', 'williams', 23, 20, 'R', 0, 11, 15, NULL, NULL, NULL, 8, 13, '1:36.888', 183.552);
INSERT INTO public.results_2024 VALUES (361, 19, 'leclerc', 'ferrari', 16, 1, '1', 25, 4, 56, NULL, 5709639, '1:35:09.639', 6, 39, '1:37.834', 202.861);
INSERT INTO public.results_2024 VALUES (362, 19, 'sainz', 'ferrari', 55, 2, '2', 18, 3, 56, NULL, 5718201, '+8.562', 5, 42, '1:37.763', 203.009);
INSERT INTO public.results_2024 VALUES (363, 19, 'max_verstappen', 'red_bull', 1, 3, '3', 15, 2, 56, NULL, 5729051, '+19.412', 9, 42, '1:38.117', 202.276);
INSERT INTO public.results_2024 VALUES (364, 19, 'norris', 'mclaren', 4, 4, '4', 12, 1, 56, NULL, 5729993, '+20.354', 4, 55, '1:37.679', 203.183);
INSERT INTO public.results_2024 VALUES (365, 19, 'piastri', 'mclaren', 81, 5, '5', 10, 5, 56, NULL, 5731560, '+21.921', 7, 42, '1:37.883', 202.76);
INSERT INTO public.results_2024 VALUES (366, 19, 'russell', 'mercedes', 63, 6, '6', 8, 20, 56, NULL, 5765934, '+56.295', 3, 42, '1:37.656', 203.231);
INSERT INTO public.results_2024 VALUES (367, 19, 'perez', 'red_bull', 11, 7, '7', 6, 9, 56, NULL, 5768711, '+59.072', 13, 45, '1:38.514', 201.461);
INSERT INTO public.results_2024 VALUES (368, 19, 'hulkenberg', 'haas', 27, 8, '8', 4, 11, 56, NULL, 5772596, '+1:02.957', 12, 51, '1:38.404', 201.686);
INSERT INTO public.results_2024 VALUES (369, 19, 'lawson', 'rb', 30, 9, '9', 2, 19, 56, NULL, 5780202, '+1:10.563', 8, 54, '1:38.091', 202.33);
INSERT INTO public.results_2024 VALUES (370, 19, 'colapinto', 'williams', 43, 10, '10', 1, 15, 56, NULL, 5781618, '+1:11.979', 2, 46, '1:37.611', 203.325);
INSERT INTO public.results_2024 VALUES (371, 19, 'kevin_magnussen', 'haas', 20, 11, '11', 0, 8, 56, NULL, 5789421, '+1:19.782', 10, 56, '1:38.210', 202.085);
INSERT INTO public.results_2024 VALUES (372, 19, 'gasly', 'alpine', 10, 12, '12', 0, 6, 56, NULL, 5800197, '+1:30.558', 11, 55, '1:38.311', 201.877);
INSERT INTO public.results_2024 VALUES (373, 19, 'alonso', 'aston_martin', 14, 13, '13', 0, 7, 55, NULL, 5711365, '+1.726', 17, 52, '1:39.261', 199.945);
INSERT INTO public.results_2024 VALUES (374, 19, 'tsunoda', 'rb', 22, 14, '14', 0, 10, 55, NULL, 5717851, '+8.212', 15, 54, '1:39.193', 200.082);
INSERT INTO public.results_2024 VALUES (375, 19, 'stroll', 'aston_martin', 18, 15, '15', 0, 13, 55, NULL, 5726622, '+16.983', 16, 54, '1:39.214', 200.04);
INSERT INTO public.results_2024 VALUES (376, 19, 'albon', 'williams', 23, 16, '16', 0, 14, 55, NULL, 5727731, '+18.092', 14, 54, '1:39.084', 200.302);
INSERT INTO public.results_2024 VALUES (377, 19, 'bottas', 'sauber', 77, 17, '17', 0, 16, 55, NULL, 5743972, '+34.333', 19, 53, '1:40.575', 197.333);
INSERT INTO public.results_2024 VALUES (378, 19, 'ocon', 'alpine', 31, 18, '18', 0, 12, 55, NULL, 5751751, '+42.112', 1, 53, '1:37.330', 203.912);
INSERT INTO public.results_2024 VALUES (379, 19, 'zhou', 'sauber', 24, 19, '19', 0, 18, 55, NULL, 5758879, '+49.240', 18, 53, '1:39.272', 199.923);
INSERT INTO public.results_2024 VALUES (380, 19, 'hamilton', 'mercedes', 44, 20, 'R', 0, 17, 1, NULL, NULL, NULL, NULL, NULL, NULL, NULL);
INSERT INTO public.results_2024 VALUES (381, 20, 'sainz', 'ferrari', 55, 1, '1', 25, 1, 71, NULL, 6055800, '1:40:55.800', 7, 62, '1:20.137', 193.348);
INSERT INTO public.results_2024 VALUES (382, 20, 'norris', 'mclaren', 4, 2, '2', 18, 3, 71, NULL, 6060505, '+4.705', 4, 68, '1:19.691', 194.43);
INSERT INTO public.results_2024 VALUES (383, 20, 'leclerc', 'ferrari', 16, 3, '3', 16, 4, 71, NULL, 6090187, '+34.387', 1, 71, '1:18.336', 197.794);
INSERT INTO public.results_2024 VALUES (384, 20, 'hamilton', 'mercedes', 44, 4, '4', 12, 6, 71, NULL, 6100580, '+44.780', 8, 31, '1:20.371', 192.785);
INSERT INTO public.results_2024 VALUES (385, 20, 'russell', 'mercedes', 63, 5, '5', 10, 5, 71, NULL, 6104336, '+48.536', 11, 63, '1:20.731', 191.926);
INSERT INTO public.results_2024 VALUES (386, 20, 'max_verstappen', 'red_bull', 1, 6, '6', 8, 2, 71, NULL, 6115358, '+59.558', 13, 53, '1:20.872', 191.591);
INSERT INTO public.results_2024 VALUES (387, 20, 'kevin_magnussen', 'haas', 20, 7, '7', 6, 7, 71, NULL, 6119442, '+1:03.642', 9, 61, '1:20.637', 192.15);
INSERT INTO public.results_2024 VALUES (388, 20, 'piastri', 'mclaren', 81, 8, '8', 4, 17, 71, NULL, 6120728, '+1:04.928', 5, 65, '1:20.064', 193.525);
INSERT INTO public.results_2024 VALUES (389, 20, 'hulkenberg', 'haas', 27, 9, '9', 2, 10, 70, NULL, 6058520, '+2.720', 12, 69, '1:20.748', 191.885);
INSERT INTO public.results_2024 VALUES (390, 20, 'gasly', 'alpine', 10, 10, '10', 1, 8, 70, NULL, 6074387, '+18.587', 15, 67, '1:21.274', 190.643);
INSERT INTO public.results_2024 VALUES (391, 20, 'stroll', 'aston_martin', 18, 11, '11', 0, 14, 70, NULL, 6080872, '+25.072', 16, 55, '1:21.311', 190.557);
INSERT INTO public.results_2024 VALUES (392, 20, 'colapinto', 'williams', 43, 12, '12', 0, 16, 70, NULL, 6093297, '+37.497', 6, 50, '1:20.090', 193.462);
INSERT INTO public.results_2024 VALUES (393, 20, 'ocon', 'alpine', 31, 13, '13', 0, 0, 70, NULL, 6095463, '+39.663', 10, 70, '1:20.659', 192.097);
INSERT INTO public.results_2024 VALUES (394, 20, 'bottas', 'sauber', 77, 14, '14', 0, 15, 70, NULL, 6098027, '+42.227', 14, 57, '1:21.085', 191.088);
INSERT INTO public.results_2024 VALUES (395, 20, 'zhou', 'sauber', 24, 15, '15', 0, 19, 70, NULL, 6117522, '+1:01.722', 17, 56, '1:21.553', 189.991);
INSERT INTO public.results_2024 VALUES (396, 20, 'lawson', 'rb', 30, 16, '16', 0, 12, 70, NULL, 6120266, '+1:04.466', 3, 67, '1:19.502', 194.893);
INSERT INTO public.results_2024 VALUES (397, 20, 'perez', 'red_bull', 11, 17, '17', 0, 18, 70, NULL, 6129084, '+1:13.284', 2, 70, '1:19.209', 195.614);
INSERT INTO public.results_2024 VALUES (398, 20, 'alonso', 'aston_martin', 14, 18, 'R', 0, 13, 15, NULL, NULL, NULL, 18, 7, '1:22.722', 187.306);
INSERT INTO public.results_2024 VALUES (399, 20, 'albon', 'williams', 23, 19, 'R', 0, 9, 0, NULL, NULL, NULL, NULL, NULL, NULL, NULL);
INSERT INTO public.results_2024 VALUES (400, 20, 'tsunoda', 'rb', 22, 20, 'R', 0, 11, 0, NULL, NULL, NULL, NULL, NULL, NULL, NULL);
INSERT INTO public.results_2024 VALUES (401, 21, 'max_verstappen', 'red_bull', 1, 1, '1', 26, 17, 69, NULL, 7614430, '2:06:54.430', 1, 67, '1:20.472', 192.767);
INSERT INTO public.results_2024 VALUES (402, 21, 'ocon', 'alpine', 31, 2, '2', 18, 4, 69, NULL, 7633907, '+19.477', 7, 64, '1:21.771', 189.705);
INSERT INTO public.results_2024 VALUES (403, 21, 'gasly', 'alpine', 10, 3, '3', 15, 13, 69, NULL, 7636962, '+22.532', 5, 66, '1:21.645', 189.998);
INSERT INTO public.results_2024 VALUES (404, 21, 'russell', 'mercedes', 63, 4, '4', 12, 2, 69, NULL, 7637695, '+23.265', 6, 66, '1:21.645', 189.998);
INSERT INTO public.results_2024 VALUES (405, 21, 'leclerc', 'ferrari', 16, 5, '5', 10, 6, 69, NULL, 7644607, '+30.177', 4, 60, '1:21.631', 190.03);
INSERT INTO public.results_2024 VALUES (406, 21, 'norris', 'mclaren', 4, 6, '6', 8, 1, 69, NULL, 7645802, '+31.372', 2, 67, '1:21.517', 190.296);
INSERT INTO public.results_2024 VALUES (407, 21, 'tsunoda', 'rb', 22, 7, '7', 6, 3, 69, NULL, 7656486, '+42.056', 8, 69, '1:21.828', 189.573);
INSERT INTO public.results_2024 VALUES (408, 21, 'piastri', 'mclaren', 81, 8, '8', 4, 8, 69, NULL, 7659373, '+44.943', 3, 69, '1:21.532', 190.261);
INSERT INTO public.results_2024 VALUES (409, 21, 'lawson', 'rb', 30, 9, '9', 2, 5, 69, NULL, 7664882, '+50.452', 10, 67, '1:22.123', 188.892);
INSERT INTO public.results_2024 VALUES (410, 21, 'hamilton', 'mercedes', 44, 10, '10', 1, 14, 69, NULL, 7665183, '+50.753', 9, 69, '1:22.041', 189.081);
INSERT INTO public.results_2024 VALUES (411, 21, 'perez', 'red_bull', 11, 11, '11', 0, 12, 69, NULL, 7665961, '+51.531', 11, 67, '1:22.143', 188.846);
INSERT INTO public.results_2024 VALUES (412, 21, 'bearman', 'haas', 50, 12, '12', 0, 15, 69, NULL, 7671515, '+57.085', 13, 64, '1:22.494', 188.042);
INSERT INTO public.results_2024 VALUES (413, 21, 'bottas', 'sauber', 77, 13, '13', 0, 11, 69, NULL, 7678018, '+1:03.588', 14, 67, '1:22.877', 187.173);
INSERT INTO public.results_2024 VALUES (414, 21, 'alonso', 'aston_martin', 14, 14, '14', 0, 9, 69, NULL, 7692479, '+1:18.049', 12, 59, '1:22.293', 188.502);
INSERT INTO public.results_2024 VALUES (415, 21, 'zhou', 'sauber', 24, 15, '15', 0, 19, 69, NULL, 7694079, '+1:19.649', 15, 65, '1:23.058', 186.765);
INSERT INTO public.results_2024 VALUES (416, 21, 'sainz', 'ferrari', 55, 16, 'R', 0, 20, 38, NULL, NULL, NULL, 16, 19, '1:24.201', 184.23);
INSERT INTO public.results_2024 VALUES (417, 21, 'colapinto', 'williams', 43, 17, 'R', 0, 16, 30, NULL, NULL, NULL, 17, 21, '1:24.296', 184.022);
INSERT INTO public.results_2024 VALUES (418, 21, 'albon', 'williams', 23, 18, 'W', 0, 7, 0, NULL, NULL, NULL, NULL, NULL, NULL, NULL);
INSERT INTO public.results_2024 VALUES (419, 21, 'stroll', 'aston_martin', 18, 19, 'W', 0, 10, 0, NULL, NULL, NULL, NULL, NULL, NULL, NULL);
INSERT INTO public.results_2024 VALUES (420, 21, 'hulkenberg', 'haas', 27, 20, 'D', 0, 18, 0, NULL, NULL, NULL, NULL, NULL, NULL, NULL);
INSERT INTO public.results_2024 VALUES (421, 22, 'russell', 'mercedes', 63, 1, '1', 25, 1, 50, NULL, 4925969, '1:22:05.969', 4, 46, '1:35.717', 233.225);
INSERT INTO public.results_2024 VALUES (422, 22, 'hamilton', 'mercedes', 44, 2, '2', 18, 10, 50, NULL, 4933282, '+7.313', 2, 41, '1:35.480', 233.803);
INSERT INTO public.results_2024 VALUES (423, 22, 'sainz', 'ferrari', 55, 3, '3', 15, 2, 50, NULL, 4937875, '+11.906', 5, 44, '1:35.875', 232.84);
INSERT INTO public.results_2024 VALUES (424, 22, 'leclerc', 'ferrari', 16, 4, '4', 12, 4, 50, NULL, 4940252, '+14.283', 3, 40, '1:35.674', 233.329);
INSERT INTO public.results_2024 VALUES (425, 22, 'max_verstappen', 'red_bull', 1, 5, '5', 10, 5, 50, NULL, 4942551, '+16.582', 6, 43, '1:36.248', 231.938);
INSERT INTO public.results_2024 VALUES (426, 22, 'norris', 'mclaren', 4, 6, '6', 9, 6, 50, NULL, 4969354, '+43.385', 1, 50, '1:34.876', 235.292);
INSERT INTO public.results_2024 VALUES (427, 22, 'piastri', 'mclaren', 81, 7, '7', 6, 8, 50, NULL, 4977334, '+51.365', 13, 44, '1:36.598', 231.097);
INSERT INTO public.results_2024 VALUES (428, 22, 'hulkenberg', 'haas', 27, 8, '8', 4, 9, 50, NULL, 4985777, '+59.808', 12, 48, '1:36.585', 231.129);
INSERT INTO public.results_2024 VALUES (429, 22, 'tsunoda', 'rb', 22, 9, '9', 2, 7, 50, NULL, 4988777, '+1:02.808', 16, 48, '1:36.957', 230.242);
INSERT INTO public.results_2024 VALUES (430, 22, 'perez', 'red_bull', 11, 10, '10', 1, 15, 50, NULL, 4989083, '+1:03.114', 8, 42, '1:36.326', 231.75);
INSERT INTO public.results_2024 VALUES (431, 22, 'alonso', 'aston_martin', 14, 11, '11', 0, 16, 50, NULL, 4995164, '+1:09.195', 10, 39, '1:36.553', 231.205);
INSERT INTO public.results_2024 VALUES (432, 22, 'kevin_magnussen', 'haas', 20, 12, '12', 0, 12, 50, NULL, 4995772, '+1:09.803', 11, 49, '1:36.557', 231.196);
INSERT INTO public.results_2024 VALUES (433, 22, 'zhou', 'sauber', 24, 13, '13', 0, 13, 50, NULL, 5000054, '+1:14.085', 7, 46, '1:36.324', 231.755);
INSERT INTO public.results_2024 VALUES (434, 22, 'colapinto', 'williams', 43, 14, '14', 0, 20, 50, NULL, 5001141, '+1:15.172', 15, 37, '1:36.867', 230.456);
INSERT INTO public.results_2024 VALUES (435, 22, 'stroll', 'aston_martin', 18, 15, '15', 0, 18, 50, NULL, 5010071, '+1:24.102', 18, 43, '1:37.179', 229.716);
INSERT INTO public.results_2024 VALUES (436, 22, 'lawson', 'rb', 30, 16, '16', 0, 14, 50, NULL, 5016974, '+1:31.005', 17, 45, '1:36.980', 230.187);
INSERT INTO public.results_2024 VALUES (437, 22, 'ocon', 'alpine', 31, 17, '17', 0, 11, 49, NULL, 4928029, '+2.060', 9, 47, '1:36.511', 231.306);
INSERT INTO public.results_2024 VALUES (438, 22, 'bottas', 'sauber', 77, 18, '18', 0, 19, 49, NULL, 4937254, '+11.285', 14, 46, '1:36.601', 231.09);
INSERT INTO public.results_2024 VALUES (439, 22, 'albon', 'williams', 23, 19, 'R', 0, 17, 25, NULL, NULL, NULL, 19, 21, '1:38.008', 227.773);
INSERT INTO public.results_2024 VALUES (440, 22, 'gasly', 'alpine', 10, 20, 'R', 0, 3, 15, NULL, NULL, NULL, 20, 13, '1:38.314', 227.064);
INSERT INTO public.results_2024 VALUES (441, 23, 'max_verstappen', 'red_bull', 1, 1, '1', 25, 2, 57, NULL, 5465323, '1:31:05.323', 2, 55, '1:22.905', 235.31);
INSERT INTO public.results_2024 VALUES (442, 23, 'leclerc', 'ferrari', 16, 2, '2', 18, 5, 57, NULL, 5471354, '+6.031', 4, 53, '1:23.242', 234.357);
INSERT INTO public.results_2024 VALUES (443, 23, 'piastri', 'mclaren', 81, 3, '3', 15, 4, 57, NULL, 5472142, '+6.819', 3, 51, '1:23.218', 234.425);
INSERT INTO public.results_2024 VALUES (444, 23, 'russell', 'mercedes', 63, 4, '4', 12, 1, 57, NULL, 5479427, '+14.104', 5, 50, '1:23.355', 234.039);
INSERT INTO public.results_2024 VALUES (445, 23, 'gasly', 'alpine', 10, 5, '5', 10, 11, 57, NULL, 5482105, '+16.782', 8, 56, '1:23.705', 233.061);
INSERT INTO public.results_2024 VALUES (446, 23, 'sainz', 'ferrari', 55, 6, '6', 8, 7, 57, NULL, 5482799, '+17.476', 6, 52, '1:23.465', 233.731);
INSERT INTO public.results_2024 VALUES (447, 23, 'alonso', 'aston_martin', 14, 7, '7', 6, 8, 57, NULL, 5485190, '+19.867', 7, 57, '1:23.667', 233.167);
INSERT INTO public.results_2024 VALUES (448, 23, 'zhou', 'sauber', 24, 8, '8', 4, 12, 57, NULL, 5490683, '+25.360', 10, 57, '1:23.889', 232.55);
INSERT INTO public.results_2024 VALUES (449, 23, 'kevin_magnussen', 'haas', 20, 9, '9', 2, 10, 57, NULL, 5497500, '+32.177', 11, 55, '1:24.259', 231.528);
INSERT INTO public.results_2024 VALUES (450, 23, 'norris', 'mclaren', 4, 10, '10', 2, 3, 57, NULL, 5501085, '+35.762', 1, 56, '1:22.384', 236.798);
INSERT INTO public.results_2024 VALUES (451, 23, 'bottas', 'sauber', 77, 11, '11', 0, 13, 57, NULL, 5515566, '+50.243', 13, 53, '1:25.533', 228.08);
INSERT INTO public.results_2024 VALUES (452, 23, 'hamilton', 'mercedes', 44, 12, '12', 0, 6, 57, NULL, 5521445, '+56.122', 9, 52, '1:23.865', 232.616);
INSERT INTO public.results_2024 VALUES (453, 23, 'tsunoda', 'rb', 22, 13, '13', 0, 14, 57, NULL, 5526423, '+1:01.100', 17, 47, '1:26.144', 226.462);
INSERT INTO public.results_2024 VALUES (454, 23, 'lawson', 'rb', 30, 14, '14', 0, 17, 57, NULL, 5527979, '+1:02.656', 16, 46, '1:26.076', 226.641);
INSERT INTO public.results_2024 VALUES (455, 23, 'albon', 'williams', 23, 15, '15', 0, 16, 56, NULL, 5478292, '+12.969', 14, 47, '1:25.559', 228.011);
INSERT INTO public.results_2024 VALUES (456, 23, 'hulkenberg', 'haas', 27, 16, 'R', 0, 18, 39, NULL, NULL, NULL, 15, 33, '1:25.767', 227.458);
INSERT INTO public.results_2024 VALUES (457, 23, 'perez', 'red_bull', 11, 17, 'R', 0, 9, 38, NULL, NULL, NULL, 12, 31, '1:25.288', 228.735);
INSERT INTO public.results_2024 VALUES (458, 23, 'stroll', 'aston_martin', 18, 18, 'R', 0, 15, 8, NULL, NULL, NULL, 18, 6, '1:30.935', 214.531);
INSERT INTO public.results_2024 VALUES (459, 23, 'colapinto', 'williams', 43, 19, 'R', 0, 19, 0, NULL, NULL, NULL, NULL, NULL, NULL, NULL);
INSERT INTO public.results_2024 VALUES (460, 23, 'ocon', 'alpine', 31, 20, 'R', 0, 20, 0, NULL, NULL, NULL, NULL, NULL, NULL, NULL);
INSERT INTO public.results_2024 VALUES (461, 24, 'norris', 'mclaren', 4, 1, '1', 25, 1, 58, NULL, 5193291, '1:26:33.291', 3, 52, '1:27.438', 217.429);
INSERT INTO public.results_2024 VALUES (462, 24, 'sainz', 'ferrari', 55, 2, '2', 18, 3, 58, NULL, 5199123, '+5.832', 5, 55, '1:27.765', 216.619);
INSERT INTO public.results_2024 VALUES (463, 24, 'leclerc', 'ferrari', 16, 3, '3', 15, 19, 58, NULL, 5225219, '+31.928', 9, 51, '1:28.018', 215.996);
INSERT INTO public.results_2024 VALUES (464, 24, 'hamilton', 'mercedes', 44, 4, '4', 12, 16, 58, NULL, 5229774, '+36.483', 2, 44, '1:27.278', 217.828);
INSERT INTO public.results_2024 VALUES (465, 24, 'russell', 'mercedes', 63, 5, '5', 10, 6, 58, NULL, 5230829, '+37.538', 10, 56, '1:28.195', 215.563);
INSERT INTO public.results_2024 VALUES (466, 24, 'max_verstappen', 'red_bull', 1, 6, '6', 8, 4, 58, NULL, 5243138, '+49.847', 6, 56, '1:27.765', 216.619);
INSERT INTO public.results_2024 VALUES (467, 24, 'gasly', 'alpine', 10, 7, '7', 6, 5, 58, NULL, 5265851, '+1:12.560', 16, 30, '1:29.251', 213.012);
INSERT INTO public.results_2024 VALUES (468, 24, 'hulkenberg', 'haas', 27, 8, '8', 4, 7, 58, NULL, 5268845, '+1:15.554', 14, 17, '1:29.152', 213.249);
INSERT INTO public.results_2024 VALUES (469, 24, 'alonso', 'aston_martin', 14, 9, '9', 2, 8, 58, NULL, 5275664, '+1:22.373', 7, 51, '1:27.948', 216.168);
INSERT INTO public.results_2024 VALUES (470, 24, 'piastri', 'mclaren', 81, 10, '10', 1, 2, 58, NULL, 5277112, '+1:23.821', 4, 51, '1:27.690', 216.804);
INSERT INTO public.results_2024 VALUES (471, 24, 'albon', 'williams', 23, 11, '11', 0, 18, 57, NULL, 5204542, '+11.251', 18, 46, '1:29.438', 212.567);
INSERT INTO public.results_2024 VALUES (472, 24, 'tsunoda', 'rb', 22, 12, '12', 0, 11, 57, NULL, 5208029, '+14.738', 15, 41, '1:29.200', 213.134);
INSERT INTO public.results_2024 VALUES (473, 24, 'zhou', 'sauber', 24, 13, '13', 0, 15, 57, NULL, 5210595, '+17.304', 8, 56, '1:27.982', 216.085);
INSERT INTO public.results_2024 VALUES (474, 24, 'stroll', 'aston_martin', 18, 14, '14', 0, 13, 57, NULL, 5211764, '+18.473', 11, 42, '1:28.604', 214.568);
INSERT INTO public.results_2024 VALUES (475, 24, 'doohan', 'alpine', 61, 15, '15', 0, 17, 57, NULL, 5219846, '+26.555', 13, 56, '1:29.121', 213.323);
INSERT INTO public.results_2024 VALUES (476, 24, 'kevin_magnussen', 'haas', 20, 16, '16', 0, 14, 57, NULL, 5270888, '+1:17.597', 1, 57, '1:25.637', 222.002);
INSERT INTO public.results_2024 VALUES (477, 24, 'lawson', 'rb', 30, 17, '17', 0, 12, 55, NULL, 5076949, '+-1:58:03.658', 12, 52, '1:28.751', 214.212);
INSERT INTO public.results_2024 VALUES (478, 24, 'bottas', 'sauber', 77, 18, 'R', 0, 9, 30, NULL, NULL, NULL, 19, 14, '1:29.482', 212.462);
INSERT INTO public.results_2024 VALUES (479, 24, 'colapinto', 'williams', 43, 19, 'R', 0, 20, 26, NULL, NULL, NULL, 17, 5, '1:29.411', 212.631);
INSERT INTO public.results_2024 VALUES (480, 24, 'perez', 'red_bull', 11, 20, 'R', 0, 10, 0, NULL, NULL, NULL, NULL, NULL, NULL, NULL);


--
-- Data for Name: sprint_results_2024; Type: TABLE DATA; Schema: public; Owner: alexf1
--

INSERT INTO public.sprint_results_2024 VALUES (1, 5, 'max_verstappen', 'red_bull', 1, 1, '1', 8, 4, 19, NULL, 1924660, '32:04.660', 1, 3, '1:40.331', NULL);
INSERT INTO public.sprint_results_2024 VALUES (2, 5, 'hamilton', 'mercedes', 44, 2, '2', 7, 2, 19, NULL, 1937703, '+13.043', 2, 3, '1:40.420', NULL);
INSERT INTO public.sprint_results_2024 VALUES (3, 5, 'perez', 'red_bull', 11, 3, '3', 6, 6, 19, NULL, 1939918, '+15.258', 7, 4, '1:41.065', NULL);
INSERT INTO public.sprint_results_2024 VALUES (4, 5, 'leclerc', 'ferrari', 16, 4, '4', 5, 7, 19, NULL, 1942146, '+17.486', 6, 4, '1:41.003', NULL);
INSERT INTO public.sprint_results_2024 VALUES (5, 5, 'sainz', 'ferrari', 55, 5, '5', 4, 5, 19, NULL, 1945356, '+20.696', 5, 4, '1:40.962', NULL);
INSERT INTO public.sprint_results_2024 VALUES (6, 5, 'norris', 'mclaren', 4, 6, '6', 3, 1, 19, NULL, 1946748, '+22.088', 4, 4, '1:40.951', NULL);
INSERT INTO public.sprint_results_2024 VALUES (7, 5, 'piastri', 'mclaren', 81, 7, '7', 2, 8, 19, NULL, 1949373, '+24.713', 8, 3, '1:41.107', NULL);
INSERT INTO public.sprint_results_2024 VALUES (8, 5, 'russell', 'mercedes', 63, 8, '8', 1, 11, 19, NULL, 1950356, '+25.696', 10, 5, '1:41.505', NULL);
INSERT INTO public.sprint_results_2024 VALUES (9, 5, 'zhou', 'sauber', 24, 9, '9', 0, 10, 19, NULL, 1956611, '+31.951', 9, 4, '1:41.502', NULL);
INSERT INTO public.sprint_results_2024 VALUES (10, 5, 'kevin_magnussen', 'haas', 20, 10, '10', 0, 12, 19, NULL, 1962058, '+37.398', 13, 5, '1:42.092', NULL);
INSERT INTO public.sprint_results_2024 VALUES (11, 5, 'ricciardo', 'rb', 3, 11, '11', 0, 14, 19, NULL, 1962500, '+37.840', 16, 6, '1:42.234', NULL);
INSERT INTO public.sprint_results_2024 VALUES (12, 5, 'bottas', 'sauber', 77, 12, '12', 0, 9, 19, NULL, 1962955, '+38.295', 14, 6, '1:42.140', NULL);
INSERT INTO public.sprint_results_2024 VALUES (13, 5, 'ocon', 'alpine', 31, 13, '13', 0, 17, 19, NULL, 1964501, '+39.841', 15, 4, '1:42.191', NULL);
INSERT INTO public.sprint_results_2024 VALUES (14, 5, 'stroll', 'aston_martin', 18, 14, '14', 0, 15, 19, NULL, 1964959, '+40.299', 17, 5, '1:42.258', NULL);
INSERT INTO public.sprint_results_2024 VALUES (15, 5, 'gasly', 'alpine', 10, 15, '15', 0, 16, 19, NULL, 1965498, '+40.838', 11, 4, '1:42.017', NULL);
INSERT INTO public.sprint_results_2024 VALUES (16, 5, 'tsunoda', 'rb', 22, 16, '16', 0, 19, 19, NULL, 1966530, '+41.870', 12, 4, '1:42.056', NULL);
INSERT INTO public.sprint_results_2024 VALUES (17, 5, 'albon', 'williams', 23, 17, '17', 0, 18, 19, NULL, 1967658, '+42.998', 19, 8, '1:42.389', NULL);
INSERT INTO public.sprint_results_2024 VALUES (18, 5, 'sargeant', 'williams', 2, 18, '18', 0, 20, 19, NULL, 1971012, '+46.352', 20, 7, '1:42.516', NULL);
INSERT INTO public.sprint_results_2024 VALUES (19, 5, 'hulkenberg', 'haas', 27, 19, '19', 0, 13, 19, NULL, 1974290, '+49.630', 18, 5, '1:42.315', NULL);
INSERT INTO public.sprint_results_2024 VALUES (20, 5, 'alonso', 'aston_martin', 14, 20, '20', 0, 3, 17, NULL, 1779513, '+-1:57:34.853', 3, 3, '1:40.537', NULL);
INSERT INTO public.sprint_results_2024 VALUES (21, 6, 'max_verstappen', 'red_bull', 1, 1, '1', 8, 1, 19, NULL, 1891383, '31:31.383', 1, 4, '1:30.415', NULL);
INSERT INTO public.sprint_results_2024 VALUES (22, 6, 'leclerc', 'ferrari', 16, 2, '2', 7, 2, 19, NULL, 1894754, '+3.371', 2, 4, '1:30.807', NULL);
INSERT INTO public.sprint_results_2024 VALUES (23, 6, 'perez', 'red_bull', 11, 3, '3', 6, 3, 19, NULL, 1896478, '+5.095', 3, 19, '1:30.921', NULL);
INSERT INTO public.sprint_results_2024 VALUES (24, 6, 'ricciardo', 'rb', 3, 4, '4', 5, 4, 19, NULL, 1906354, '+14.971', 5, 4, '1:31.505', NULL);
INSERT INTO public.sprint_results_2024 VALUES (25, 6, 'sainz', 'ferrari', 55, 5, '5', 4, 5, 19, NULL, 1906605, '+15.222', 6, 17, '1:31.568', NULL);
INSERT INTO public.sprint_results_2024 VALUES (26, 6, 'piastri', 'mclaren', 81, 6, '6', 3, 6, 19, NULL, 1907133, '+15.750', 4, 19, '1:31.393', NULL);
INSERT INTO public.sprint_results_2024 VALUES (27, 6, 'hulkenberg', 'haas', 27, 7, '7', 2, 10, 19, NULL, 1913437, '+22.054', 9, 8, '1:31.963', NULL);
INSERT INTO public.sprint_results_2024 VALUES (28, 6, 'tsunoda', 'rb', 22, 8, '8', 1, 15, 19, NULL, 1921199, '+29.816', 8, 16, '1:31.844', NULL);
INSERT INTO public.sprint_results_2024 VALUES (29, 6, 'gasly', 'alpine', 10, 9, '9', 0, 16, 19, NULL, 1923263, '+31.880', 12, 6, '1:32.148', NULL);
INSERT INTO public.sprint_results_2024 VALUES (30, 6, 'sargeant', 'williams', 2, 10, '10', 0, 18, 19, NULL, 1925738, '+34.355', 14, 6, '1:32.192', NULL);
INSERT INTO public.sprint_results_2024 VALUES (31, 6, 'zhou', 'sauber', 24, 11, '11', 0, 17, 19, NULL, 1926461, '+35.078', 11, 7, '1:32.131', NULL);
INSERT INTO public.sprint_results_2024 VALUES (32, 6, 'russell', 'mercedes', 63, 12, '12', 0, 11, 19, NULL, 1927138, '+35.755', 13, 8, '1:32.173', NULL);
INSERT INTO public.sprint_results_2024 VALUES (33, 6, 'albon', 'williams', 23, 13, '13', 0, 20, 19, NULL, 1927469, '+36.086', 16, 6, '1:32.223', NULL);
INSERT INTO public.sprint_results_2024 VALUES (34, 6, 'bottas', 'sauber', 77, 14, '14', 0, 19, 19, NULL, 1928275, '+36.892', 18, 7, '1:32.462', NULL);
INSERT INTO public.sprint_results_2024 VALUES (35, 6, 'ocon', 'alpine', 31, 15, '15', 0, 13, 19, NULL, 1929123, '+37.740', 15, 19, '1:32.218', NULL);
INSERT INTO public.sprint_results_2024 VALUES (36, 6, 'hamilton', 'mercedes', 44, 16, '16', 0, 12, 19, NULL, 1940730, '+49.347', 7, 16, '1:31.830', NULL);
INSERT INTO public.sprint_results_2024 VALUES (37, 6, 'alonso', 'aston_martin', 14, 17, '17', 0, 8, 19, NULL, 1950792, '+59.409', 17, 7, '1:32.355', NULL);
INSERT INTO public.sprint_results_2024 VALUES (38, 6, 'kevin_magnussen', 'haas', 20, 18, '18', 0, 14, 19, NULL, 1957686, '+1:06.303', 10, 5, '1:32.113', NULL);
INSERT INTO public.sprint_results_2024 VALUES (39, 6, 'stroll', 'aston_martin', 18, 19, 'R', 0, 7, 1, NULL, NULL, NULL, NULL, NULL, NULL, NULL);
INSERT INTO public.sprint_results_2024 VALUES (40, 6, 'norris', 'mclaren', 4, 20, 'R', 0, 9, 0, NULL, NULL, NULL, NULL, NULL, NULL, NULL);
INSERT INTO public.sprint_results_2024 VALUES (41, 11, 'max_verstappen', 'red_bull', 1, 1, '1', 8, 1, 23, NULL, 1601389, '26:41.389', 3, 8, '1:09.013', NULL);
INSERT INTO public.sprint_results_2024 VALUES (42, 11, 'piastri', 'mclaren', 81, 2, '2', 7, 3, 23, NULL, 1606005, '+4.616', 2, 2, '1:08.980', NULL);
INSERT INTO public.sprint_results_2024 VALUES (43, 11, 'norris', 'mclaren', 4, 3, '3', 6, 2, 23, NULL, 1606737, '+5.348', 1, 2, '1:08.935', NULL);
INSERT INTO public.sprint_results_2024 VALUES (44, 11, 'russell', 'mercedes', 63, 4, '4', 5, 4, 23, NULL, 1609743, '+8.354', 5, 4, '1:09.194', NULL);
INSERT INTO public.sprint_results_2024 VALUES (45, 11, 'sainz', 'ferrari', 55, 5, '5', 4, 5, 23, NULL, 1611378, '+9.989', 4, 4, '1:09.121', NULL);
INSERT INTO public.sprint_results_2024 VALUES (46, 11, 'hamilton', 'mercedes', 44, 6, '6', 3, 6, 23, NULL, 1612596, '+11.207', 6, 5, '1:09.265', NULL);
INSERT INTO public.sprint_results_2024 VALUES (47, 11, 'leclerc', 'ferrari', 16, 7, '7', 2, 10, 23, NULL, 1614813, '+13.424', 7, 5, '1:09.352', NULL);
INSERT INTO public.sprint_results_2024 VALUES (48, 11, 'perez', 'red_bull', 11, 8, '8', 1, 7, 23, NULL, 1618798, '+17.409', 8, 4, '1:09.420', NULL);
INSERT INTO public.sprint_results_2024 VALUES (49, 11, 'kevin_magnussen', 'haas', 20, 9, '9', 0, 11, 23, NULL, 1625456, '+24.067', 9, 13, '1:09.942', NULL);
INSERT INTO public.sprint_results_2024 VALUES (50, 11, 'stroll', 'aston_martin', 18, 10, '10', 0, 12, 23, NULL, 1631564, '+30.175', 12, 11, '1:10.260', NULL);
INSERT INTO public.sprint_results_2024 VALUES (51, 11, 'ocon', 'alpine', 31, 11, '11', 0, 8, 23, NULL, 1632228, '+30.839', 11, 9, '1:10.254', NULL);
INSERT INTO public.sprint_results_2024 VALUES (52, 11, 'gasly', 'alpine', 10, 12, '12', 0, 9, 23, NULL, 1632697, '+31.308', 10, 10, '1:10.168', NULL);
INSERT INTO public.sprint_results_2024 VALUES (53, 11, 'tsunoda', 'rb', 22, 13, '13', 0, 14, 23, NULL, 1636841, '+35.452', 13, 5, '1:10.363', NULL);
INSERT INTO public.sprint_results_2024 VALUES (54, 11, 'ricciardo', 'rb', 3, 14, '14', 0, 16, 23, NULL, 1640786, '+39.397', 15, 5, '1:10.480', NULL);
INSERT INTO public.sprint_results_2024 VALUES (55, 11, 'alonso', 'aston_martin', 14, 15, '15', 0, 13, 23, NULL, 1644544, '+43.155', 14, 5, '1:10.393', NULL);
INSERT INTO public.sprint_results_2024 VALUES (56, 11, 'sargeant', 'williams', 2, 16, '16', 0, 15, 23, NULL, 1645465, '+44.076', 16, 6, '1:10.488', NULL);
INSERT INTO public.sprint_results_2024 VALUES (57, 11, 'albon', 'williams', 23, 17, '17', 0, 20, 23, NULL, 1646062, '+44.673', 18, 8, '1:10.562', NULL);
INSERT INTO public.sprint_results_2024 VALUES (58, 11, 'bottas', 'sauber', 77, 18, '18', 0, 18, 23, NULL, 1647900, '+46.511', 19, 8, '1:10.590', NULL);
INSERT INTO public.sprint_results_2024 VALUES (59, 11, 'hulkenberg', 'haas', 27, 19, '19', 0, 17, 23, NULL, 1649812, '+48.423', 17, 4, '1:10.512', NULL);
INSERT INTO public.sprint_results_2024 VALUES (60, 11, 'zhou', 'sauber', 24, 20, '20', 0, 19, 23, NULL, 1654532, '+53.143', 20, 6, '1:10.613', NULL);
INSERT INTO public.sprint_results_2024 VALUES (61, 19, 'max_verstappen', 'red_bull', 1, 1, '1', 8, 1, 19, NULL, 1866146, '31:06.146', 1, 19, '1:37.463', NULL);
INSERT INTO public.sprint_results_2024 VALUES (62, 19, 'sainz', 'ferrari', 55, 2, '2', 7, 5, 19, NULL, 1870028, '+3.882', 2, 19, '1:37.552', NULL);
INSERT INTO public.sprint_results_2024 VALUES (63, 19, 'norris', 'mclaren', 4, 3, '3', 6, 4, 19, NULL, 1872386, '+6.240', 5, 17, '1:38.045', NULL);
INSERT INTO public.sprint_results_2024 VALUES (64, 19, 'leclerc', 'ferrari', 16, 4, '4', 5, 3, 19, NULL, 1873102, '+6.956', 4, 11, '1:37.748', NULL);
INSERT INTO public.sprint_results_2024 VALUES (65, 19, 'russell', 'mercedes', 63, 5, '5', 4, 2, 19, NULL, 1881912, '+15.766', 6, 4, '1:38.301', NULL);
INSERT INTO public.sprint_results_2024 VALUES (66, 19, 'hamilton', 'mercedes', 44, 6, '6', 3, 7, 19, NULL, 1884870, '+18.724', 7, 17, '1:38.372', NULL);
INSERT INTO public.sprint_results_2024 VALUES (67, 19, 'kevin_magnussen', 'haas', 20, 7, '7', 2, 8, 19, NULL, 1891307, '+25.161', 9, 6, '1:38.602', NULL);
INSERT INTO public.sprint_results_2024 VALUES (68, 19, 'hulkenberg', 'haas', 27, 8, '8', 1, 6, 19, NULL, 1892734, '+26.588', 10, 16, '1:38.746', NULL);
INSERT INTO public.sprint_results_2024 VALUES (69, 19, 'perez', 'red_bull', 11, 9, '9', 0, 11, 19, NULL, 1896096, '+29.950', 8, 19, '1:38.452', NULL);
INSERT INTO public.sprint_results_2024 VALUES (70, 19, 'piastri', 'mclaren', 81, 10, '10', 0, 16, 19, NULL, 1903205, '+37.059', 3, 19, '1:37.567', NULL);
INSERT INTO public.sprint_results_2024 VALUES (71, 19, 'tsunoda', 'rb', 22, 11, '11', 0, 9, 19, NULL, 1904509, '+38.363', 12, 19, '1:39.136', NULL);
INSERT INTO public.sprint_results_2024 VALUES (72, 19, 'colapinto', 'williams', 43, 12, '12', 0, 10, 19, NULL, 1905606, '+39.460', 16, 19, '1:39.335', NULL);
INSERT INTO public.sprint_results_2024 VALUES (73, 19, 'stroll', 'aston_martin', 18, 13, '13', 0, 13, 19, NULL, 1907382, '+41.236', 18, 19, '1:39.532', NULL);
INSERT INTO public.sprint_results_2024 VALUES (74, 19, 'gasly', 'alpine', 10, 14, '14', 0, 12, 19, NULL, 1908141, '+41.995', 17, 19, '1:39.438', NULL);
INSERT INTO public.sprint_results_2024 VALUES (75, 19, 'ocon', 'alpine', 31, 15, '15', 0, 17, 19, NULL, 1908950, '+42.804', 11, 7, '1:38.835', NULL);
INSERT INTO public.sprint_results_2024 VALUES (76, 19, 'lawson', 'rb', 30, 16, '16', 0, 15, 19, NULL, 1910154, '+44.008', 14, 7, '1:39.237', NULL);
INSERT INTO public.sprint_results_2024 VALUES (77, 19, 'albon', 'williams', 23, 17, '17', 0, 20, 19, NULL, 1910710, '+44.564', 13, 17, '1:39.198', NULL);
INSERT INTO public.sprint_results_2024 VALUES (78, 19, 'alonso', 'aston_martin', 14, 18, '18', 0, 14, 19, NULL, 1912953, '+46.807', 15, 18, '1:39.250', NULL);
INSERT INTO public.sprint_results_2024 VALUES (79, 19, 'zhou', 'sauber', 24, 19, '19', 0, 19, 19, NULL, 1918988, '+52.842', 20, 17, '1:39.705', NULL);
INSERT INTO public.sprint_results_2024 VALUES (80, 19, 'bottas', 'sauber', 77, 20, '20', 0, 18, 19, NULL, 1920622, '+54.476', 19, 16, '1:39.642', NULL);
INSERT INTO public.sprint_results_2024 VALUES (81, 21, 'norris', 'mclaren', 4, 1, '1', 8, 2, 24, NULL, 1786045, '29:46.045', 6, 15, '1:11.917', NULL);
INSERT INTO public.sprint_results_2024 VALUES (82, 21, 'piastri', 'mclaren', 81, 2, '2', 7, 1, 24, NULL, 1786638, '+0.593', 3, 17, '1:11.783', NULL);
INSERT INTO public.sprint_results_2024 VALUES (83, 21, 'leclerc', 'ferrari', 16, 3, '3', 6, 3, 24, NULL, 1791701, '+5.656', 5, 3, '1:11.914', NULL);
INSERT INTO public.sprint_results_2024 VALUES (84, 21, 'max_verstappen', 'red_bull', 1, 4, '4', 5, 4, 24, NULL, 1792542, '+6.497', 4, 18, '1:11.852', NULL);
INSERT INTO public.sprint_results_2024 VALUES (85, 21, 'sainz', 'ferrari', 55, 5, '5', 4, 5, 24, NULL, 1793269, '+7.224', 7, 17, '1:11.975', NULL);
INSERT INTO public.sprint_results_2024 VALUES (86, 21, 'russell', 'mercedes', 63, 6, '6', 3, 6, 24, NULL, 1798520, '+12.475', 8, 12, '1:12.142', NULL);
INSERT INTO public.sprint_results_2024 VALUES (87, 21, 'gasly', 'alpine', 10, 7, '7', 2, 7, 24, NULL, 1804206, '+18.161', 9, 19, '1:12.400', NULL);
INSERT INTO public.sprint_results_2024 VALUES (88, 21, 'perez', 'red_bull', 11, 8, '8', 1, 13, 24, NULL, 1804762, '+18.717', 1, 24, '1:11.678', NULL);
INSERT INTO public.sprint_results_2024 VALUES (89, 21, 'lawson', 'rb', 30, 9, '9', 0, 8, 24, NULL, 1806818, '+20.773', 11, 18, '1:12.596', NULL);
INSERT INTO public.sprint_results_2024 VALUES (90, 21, 'albon', 'williams', 23, 10, '10', 0, 9, 24, NULL, 1810651, '+24.606', 2, 24, '1:11.692', NULL);
INSERT INTO public.sprint_results_2024 VALUES (91, 21, 'hamilton', 'mercedes', 44, 11, '11', 0, 11, 24, NULL, 1815809, '+29.764', 10, 21, '1:12.546', NULL);
INSERT INTO public.sprint_results_2024 VALUES (92, 21, 'colapinto', 'williams', 43, 12, '12', 0, 14, 24, NULL, 1819278, '+33.233', 13, 15, '1:12.701', NULL);
INSERT INTO public.sprint_results_2024 VALUES (93, 21, 'ocon', 'alpine', 31, 13, '13', 0, 16, 24, NULL, 1820173, '+34.128', 16, 16, '1:12.882', NULL);
INSERT INTO public.sprint_results_2024 VALUES (94, 21, 'bearman', 'haas', 50, 14, '14', 0, 10, 24, NULL, 1821552, '+35.507', 17, 4, '1:12.974', NULL);
INSERT INTO public.sprint_results_2024 VALUES (95, 21, 'tsunoda', 'rb', 22, 15, '15', 0, 17, 24, NULL, 1827419, '+41.374', 14, 14, '1:12.838', NULL);
INSERT INTO public.sprint_results_2024 VALUES (96, 21, 'bottas', 'sauber', 77, 16, '16', 0, 15, 24, NULL, 1829276, '+43.231', 12, 24, '1:12.698', NULL);
INSERT INTO public.sprint_results_2024 VALUES (97, 21, 'zhou', 'sauber', 24, 17, '17', 0, 20, 24, NULL, 1840184, '+54.139', 19, 3, '1:13.559', NULL);
INSERT INTO public.sprint_results_2024 VALUES (98, 21, 'alonso', 'aston_martin', 14, 18, '18', 0, 18, 24, NULL, 1842582, '+56.537', 18, 16, '1:13.111', NULL);
INSERT INTO public.sprint_results_2024 VALUES (99, 21, 'stroll', 'aston_martin', 18, 19, '19', 0, 19, 24, NULL, 1844028, '+57.983', 20, 3, '1:13.560', NULL);
INSERT INTO public.sprint_results_2024 VALUES (100, 21, 'hulkenberg', 'haas', 27, 20, 'R', 0, 12, 19, NULL, NULL, NULL, 15, 16, '1:12.879', NULL);
INSERT INTO public.sprint_results_2024 VALUES (101, 23, 'piastri', 'mclaren', 81, 1, '1', 8, 3, 19, NULL, 1623010, '27:03.010', 8, 17, '1:24.494', NULL);
INSERT INTO public.sprint_results_2024 VALUES (102, 23, 'norris', 'mclaren', 4, 2, '2', 7, 1, 19, NULL, 1623146, '+0.136', 4, 13, '1:24.329', NULL);
INSERT INTO public.sprint_results_2024 VALUES (103, 23, 'russell', 'mercedes', 63, 3, '3', 6, 2, 19, NULL, 1623420, '+0.410', 6, 18, '1:24.380', NULL);
INSERT INTO public.sprint_results_2024 VALUES (104, 23, 'sainz', 'ferrari', 55, 4, '4', 5, 4, 19, NULL, 1624336, '+1.326', 7, 16, '1:24.405', NULL);
INSERT INTO public.sprint_results_2024 VALUES (105, 23, 'leclerc', 'ferrari', 16, 5, '5', 4, 5, 19, NULL, 1628083, '+5.073', 1, 18, '1:23.923', NULL);
INSERT INTO public.sprint_results_2024 VALUES (106, 23, 'hamilton', 'mercedes', 44, 6, '6', 3, 7, 19, NULL, 1628660, '+5.650', 5, 18, '1:24.337', NULL);
INSERT INTO public.sprint_results_2024 VALUES (107, 23, 'hulkenberg', 'haas', 27, 7, '7', 2, 9, 19, NULL, 1631518, '+8.508', 3, 18, '1:24.284', NULL);
INSERT INTO public.sprint_results_2024 VALUES (108, 23, 'max_verstappen', 'red_bull', 1, 8, '8', 1, 6, 19, NULL, 1633378, '+10.368', 10, 18, '1:24.577', NULL);
INSERT INTO public.sprint_results_2024 VALUES (109, 23, 'gasly', 'alpine', 10, 9, '9', 0, 8, 19, NULL, 1637523, '+14.513', 12, 19, '1:24.930', NULL);
INSERT INTO public.sprint_results_2024 VALUES (110, 23, 'kevin_magnussen', 'haas', 20, 10, '10', 0, 15, 19, NULL, 1638495, '+15.485', 9, 18, '1:24.568', NULL);
INSERT INTO public.sprint_results_2024 VALUES (111, 23, 'alonso', 'aston_martin', 14, 11, '11', 0, 11, 19, NULL, 1642214, '+19.204', 2, 19, '1:24.281', NULL);
INSERT INTO public.sprint_results_2024 VALUES (112, 23, 'bottas', 'sauber', 77, 12, '12', 0, 13, 19, NULL, 1646361, '+23.351', 16, 12, '1:25.447', NULL);
INSERT INTO public.sprint_results_2024 VALUES (113, 23, 'stroll', 'aston_martin', 18, 13, '13', 0, 14, 19, NULL, 1647431, '+24.421', 14, 18, '1:25.369', NULL);
INSERT INTO public.sprint_results_2024 VALUES (114, 23, 'ocon', 'alpine', 31, 14, '14', 0, 17, 19, NULL, 1653389, '+30.379', 17, 19, '1:25.598', NULL);
INSERT INTO public.sprint_results_2024 VALUES (115, 23, 'albon', 'williams', 23, 15, '15', 0, 12, 19, NULL, 1656072, '+33.062', 15, 18, '1:25.443', NULL);
INSERT INTO public.sprint_results_2024 VALUES (116, 23, 'lawson', 'rb', 30, 16, '16', 0, 10, 19, NULL, 1657366, '+34.356', 19, 18, '1:25.762', NULL);
INSERT INTO public.sprint_results_2024 VALUES (117, 23, 'tsunoda', 'rb', 22, 17, '17', 0, 16, 19, NULL, 1658112, '+35.102', 20, 17, '1:25.838', NULL);
INSERT INTO public.sprint_results_2024 VALUES (118, 23, 'colapinto', 'williams', 43, 18, '18', 0, 20, 19, NULL, 1658649, '+35.639', 18, 18, '1:25.599', NULL);
INSERT INTO public.sprint_results_2024 VALUES (119, 23, 'zhou', 'sauber', 24, 19, '19', 0, 18, 19, NULL, 1694446, '+1:11.436', 13, 19, '1:25.051', NULL);
INSERT INTO public.sprint_results_2024 VALUES (120, 23, 'perez', 'red_bull', 11, 20, '20', 0, 19, 19, NULL, 1697381, '+1:14.371', 11, 18, '1:24.892', NULL);


--
-- Name: constructor_standings_2024_constructorstandingid_seq; Type: SEQUENCE SET; Schema: public; Owner: alexf1
--

SELECT pg_catalog.setval('public.constructor_standings_2024_constructorstandingid_seq', 240, true);


--
-- Name: driver_standings_2024_driverstandingid_seq; Type: SEQUENCE SET; Schema: public; Owner: alexf1
--

SELECT pg_catalog.setval('public.driver_standings_2024_driverstandingid_seq', 519, true);


--
-- Name: qualifying_results_2024_qualifyingresultid_seq; Type: SEQUENCE SET; Schema: public; Owner: alexf1
--

SELECT pg_catalog.setval('public.qualifying_results_2024_qualifyingresultid_seq', 479, true);


--
-- Name: races_2024_raceid_seq; Type: SEQUENCE SET; Schema: public; Owner: alexf1
--

SELECT pg_catalog.setval('public.races_2024_raceid_seq', 48, true);


--
-- Name: results_2024_resultid_seq; Type: SEQUENCE SET; Schema: public; Owner: alexf1
--

SELECT pg_catalog.setval('public.results_2024_resultid_seq', 480, true);


--
-- Name: sprint_results_2024_sprintresultid_seq; Type: SEQUENCE SET; Schema: public; Owner: alexf1
--

SELECT pg_catalog.setval('public.sprint_results_2024_sprintresultid_seq', 120, true);


--
-- PostgreSQL database dump complete
--

